recorded_at,period_key,month_num,store_key,brand_name,flavor_name,tupper_basic,tupper_reserve,merch_pkg_50,merch_pkg_100,merch_pkg_125,merch_pkg_200,merch_pkg_250,merch_pkg_1kg,stock_pkg_50,stock_pkg_100,stock_pkg_125,stock_pkg_200,stock_pkg_250,stock_pkg_1kg,stock_other
2026-01-26,202601,1,office,AF (Al Fakher),Banana,,,,,,,,,,,,,,,
2026-01-30,202601,1,baba_main,AF (Al Fakher),Banana,,,,,,,,,,,,,,,
2026-01-29,202601,1,nakano,AF (Al Fakher),Banana,145,,,,,,,,,,,,,,
2026-01-25,202601,1,baba_2nd,AF (Al Fakher),Banana,135,,,,,,,,,,,,,,
2026-01-26,202601,1,office,AF (Al Fakher),Blueberry,,,,,,,,,,,,,4,,
2026-01-30,202601,1,baba_main,AF (Al Fakher),Blueberry,267,,,,,,,,,,,,2,,
2026-01-29,202601,1,nakano,AF (Al Fakher),Blueberry,89,,,,,,,,,,,,2,,
2026-01-25,202601,1,baba_2nd,AF (Al Fakher),Blueberry,164,,,,,,,,,,,,2,,
2026-01-26,202601,1,office,AF (Al Fakher),(パチ) Blueberry,,,,,,,,,,,,,,,
2026-01-30,202601,1,baba_main,AF (Al Fakher),(パチ) Blueberry,,,,,,,,,,,,,,,
2026-01-29,202601,1,nakano,AF (Al Fakher),(パチ) Blueberry,0,,,,,,,,,,,,,,
2026-01-25,202601,1,baba_2nd,AF (Al Fakher),(パチ) Blueberry,195,,,,,,,,3,,,,,,
2026-01-26,202601,1,office,AF (Al Fakher),Blueberry Vanilla Ice Cream,,,,,,,,,,,,,,,
2026-01-30,202601,1,baba_main,AF (Al Fakher),Blueberry Vanilla Ice Cream,,,,,,,,,,,,,,,
2026-01-29,202601,1,nakano,AF (Al Fakher),Blueberry Vanilla Ice Cream,0,,,,,,,,,,,,,,
2026-01-25,202601,1,baba_2nd,AF (Al Fakher),Blueberry Vanilla Ice Cream,,,,,,,,,,,,,,,
2026-01-26,202601,1,office,AF (Al Fakher),Cardamom,,,,,,,,,,,,,,,
2026-01-30,202601,1,baba_main,AF (Al Fakher),Cardamom,112,,,,,,,,20,,,,,,
2026-01-29,202601,1,nakano,AF (Al Fakher),Cardamom,15,,,,,,,,17,,,,,,
2026-01-25,202601,1,baba_2nd,AF (Al Fakher),Cardamom,175,,,,,,,,13,,,,,,
2026-01-26,202601,1,office,AF (Al Fakher),Chocolate,,,,,,,,,,,,,,,
2026-01-30,202601,1,baba_main,AF (Al Fakher),Chocolate,10,,,,,,,,,,,,,,
2026-01-29,202601,1,nakano,AF (Al Fakher),Chocolate,0,,,,,,,,,,,,,,
2026-01-25,202601,1,baba_2nd,AF (Al Fakher),Chocolate,0,,,,,,,,,,,,,,
2026-01-26,202601,1,office,AF (Al Fakher),Cinnamon,,,,,,,,,,,,,3,,
2026-01-30,202601,1,baba_main,AF (Al Fakher),Cinnamon,59,,,,,,,,,,,,2,,
2026-01-29,202601,1,nakano,AF (Al Fakher),Cinnamon,49,,,,,,,,,,,,1,,
2026-01-25,202601,1,baba_2nd,AF (Al Fakher),Cinnamon,185,265,,,,,,,,,,,1,,
2026-01-26,202601,1,office,AF (Al Fakher),Citrus With Mint,,,,,,,,,,,,,,,
2026-01-30,202601,1,baba_main,AF (Al Fakher),Citrus With Mint,,,,,,,,,,,,,,,
2026-01-29,202601,1,nakano,AF (Al Fakher),Citrus With Mint,,,,,,,,,,,,,,,
2026-01-25,202601,1,baba_2nd,AF (Al Fakher),Citrus With Mint,,,,,,,,,,,,,,,
2026-01-26,202601,1,office,AF (Al Fakher),Coconut,,,,,,,,,,,,,0,,
2026-01-30,202601,1,baba_main,AF (Al Fakher),Coconut,25,,,,,,,,,,,,1,,
2026-01-29,202601,1,nakano,AF (Al Fakher),Coconut,39,,,,,,,,,,,,,,
2026-01-25,202601,1,baba_2nd,AF (Al Fakher),Coconut,227,0,,,,,,,,,,,,,
2026-01-26,202601,1,office,AF (Al Fakher),Grapefruit,,,,,,,,,,,,,,,
2026-01-30,202601,1,baba_main,AF (Al Fakher),Grapefruit,,,,,,,,,,,,,,,
2026-01-29,202601,1,nakano,AF (Al Fakher),Grapefruit,,,,,,,,,,,,,,,
2026-01-25,202601,1,baba_2nd,AF (Al Fakher),Grapefruit,,,,,,,,,,,,,,,
2026-01-26,202601,1,office,AF (Al Fakher),Grapefruit With Mint,,,,,,,,,,,,,,,
2026-01-30,202601,1,baba_main,AF (Al Fakher),Grapefruit With Mint,,,,,,,,,,,,,,,
2026-01-29,202601,1,nakano,AF (Al Fakher),Grapefruit With Mint,,,,,,,,,,,,,,,
2026-01-25,202601,1,baba_2nd,AF (Al Fakher),Grapefruit With Mint,,,,,,,,,,,,,,,
2026-01-26,202601,1,office,AF (Al Fakher),Grenadine,,,,,,,,,,,,,,,
2026-01-30,202601,1,baba_main,AF (Al Fakher),Grenadine,239,,,,,,,,2,,,,,,
2026-01-29,202601,1,nakano,AF (Al Fakher),Grenadine,,,,,,,,,,,,,,,
2026-01-25,202601,1,baba_2nd,AF (Al Fakher),Grenadine,86,,,,,,,,,,,,,,
2026-01-26,202601,1,office,AF (Al Fakher),Guava,,,,,,,,,,,,,5,,
2026-01-30,202601,1,baba_main,AF (Al Fakher),Guava,53,,,,,,,,,,,,3,,
2026-01-29,202601,1,nakano,AF (Al Fakher),Guava,121,,,,,,,,,,,,1,,
2026-01-25,202601,1,baba_2nd,AF (Al Fakher),Guava,125,,,,,,,,,,,,2,,
2026-01-26,202601,1,office,AF (Al Fakher),Gum With Mint,,,,,,,,,,,,,,,
2026-01-30,202601,1,baba_main,AF (Al Fakher),Gum With Mint,,,,,,,,,,,,,,,
2026-01-29,202601,1,nakano,AF (Al Fakher),Gum With Mint,0,,,,,,,,,,,,,,
2026-01-25,202601,1,baba_2nd,AF (Al Fakher),Gum With Mint,0,,,,,,,,,,,,,,
2026-01-26,202601,1,office,AF (Al Fakher),Kiwi,,,,,,,,,,,,,6,,
2026-01-30,202601,1,baba_main,AF (Al Fakher),Kiwi,283,,,,,,,,,,,,1,,
2026-01-29,202601,1,nakano,AF (Al Fakher),Kiwi,200,,,,,,,,,,,,1,,
2026-01-25,202601,1,baba_2nd,AF (Al Fakher),Kiwi,289,,,,,,,,,,,,1,,
2026-01-26,202601,1,office,AF (Al Fakher),Mint,,,,,,,,,,,,,8,,
2026-01-30,202601,1,baba_main,AF (Al Fakher),Mint,153,15,,,,,,,,,,,,,
2026-01-29,202601,1,nakano,AF (Al Fakher),Mint,76,0,,,,,,,,,,,1,,
2026-01-25,202601,1,baba_2nd,AF (Al Fakher),Mint,93,254,,,,,,,,,,,1,,
2026-01-26,202601,1,office,AF (Al Fakher),(パチ) Mint,,,,,,,,,,,,,,,
2026-01-30,202601,1,baba_main,AF (Al Fakher),(パチ) Mint,,,,,,,,,,,,,,,
2026-01-29,202601,1,nakano,AF (Al Fakher),(パチ) Mint,121,,,,,,,,,,,,,,
2026-01-25,202601,1,baba_2nd,AF (Al Fakher),(パチ) Mint,96,162,,,,,,,,,,,,,
2026-01-26,202601,1,office,AF (Al Fakher),Orange,,,,,,,,,,,,,4,,
2026-01-30,202601,1,baba_main,AF (Al Fakher),Orange,107,,,,,,,,,,,,1,,
2026-01-29,202601,1,nakano,AF (Al Fakher),Orange,193,0,,,,,,,,,,,2,,
2026-01-25,202601,1,baba_2nd,AF (Al Fakher),Orange,224,260,,,,,,,,,,,,,
2026-01-26,202601,1,office,AF (Al Fakher),(パチ) Orange,,,,,,,,,,,,,,,
2026-01-30,202601,1,baba_main,AF (Al Fakher),(パチ) Orange,,,,,,,,,,,,,,,
2026-01-29,202601,1,nakano,AF (Al Fakher),(パチ) Orange,0,,,,,,,,,,,,,,
2026-01-25,202601,1,baba_2nd,AF (Al Fakher),(パチ) Orange,,,,,,,,,,,,,,,
2026-01-26,202601,1,office,AF (Al Fakher),Peach,,,,,,,,,,,,,2,,
2026-01-30,202601,1,baba_main,AF (Al Fakher),Peach,115,,,,,,,,,,,,1,,
2026-01-29,202601,1,nakano,AF (Al Fakher),Peach,58,,,,,,,,,,,,1,,
2026-01-25,202601,1,baba_2nd,AF (Al Fakher),Peach,227,,,,,,,,,,,,1,,
2026-01-26,202601,1,office,AF (Al Fakher),Plum,,,,,,,,,,,,,,,
2026-01-30,202601,1,baba_main,AF (Al Fakher),Plum,,,,,,,,,,,,,,,
2026-01-29,202601,1,nakano,AF (Al Fakher),Plum,6,,,,,,,,,,,,,,
2026-01-25,202601,1,baba_2nd,AF (Al Fakher),Plum,,,,,,,,,,,,,,,
2026-01-26,202601,1,office,AF (Al Fakher),Rose,,,,,,,,,,,,,,,
2026-01-30,202601,1,baba_main,AF (Al Fakher),Rose,277,,,,,,,,,,,,,,
2026-01-29,202601,1,nakano,AF (Al Fakher),Rose,100,,,,,,,,5,,,,,,
2026-01-25,202601,1,baba_2nd,AF (Al Fakher),Rose,198,,,,,,,,3,,,,,,
2026-01-26,202601,1,office,AF (Al Fakher),Super Lemon Mint,,,,,,,,,,,,,,,
2026-01-30,202601,1,baba_main,AF (Al Fakher),Super Lemon Mint,,,,,,,,,,,,,,,
2026-01-29,202601,1,nakano,AF (Al Fakher),Super Lemon Mint,0,,,,,,,,,,,,,,
2026-01-25,202601,1,baba_2nd,AF (Al Fakher),Super Lemon Mint,,,,,,,,,,,,,,,
2026-01-26,202601,1,office,AF (Al Fakher),Two Apples,,,,,,,,,,,,,3,,
2026-01-30,202601,1,baba_main,AF (Al Fakher),Two Apples,234,256,,,,,,,,,,,1,,
2026-01-29,202601,1,nakano,AF (Al Fakher),Two Apples,220,17,,,,,,,,,,,,,
2026-01-25,202601,1,baba_2nd,AF (Al Fakher),Two Apples,94,253,,,,,,,,,,,,,
2026-01-26,202601,1,office,AF (Al Fakher),(パチ) Two Apples,,,,,,,,,,,,,,,
2026-01-30,202601,1,baba_main,AF (Al Fakher),(パチ) Two Apples,,,,,,,,,,,,,,,
2026-01-29,202601,1,nakano,AF (Al Fakher),(パチ) Two Apples,0,,,,,,,,,,,,,,
2026-01-25,202601,1,baba_2nd,AF (Al Fakher),(パチ) Two Apples,,,,,,,,,,,,,,,
2026-01-26,202601,1,office,AF (Al Fakher),Vanilla,,,,,,,,,,,,,,,
2026-01-30,202601,1,baba_main,AF (Al Fakher),Vanilla,26,,,,,,,,,,,,,,
2026-01-29,202601,1,nakano,AF (Al Fakher),Vanilla,242,,,,,,,,,,,,,,
2026-01-25,202601,1,baba_2nd,AF (Al Fakher),Vanilla,240,,,,,,,,,,,,1,,
2026-01-26,202601,1,office,AF (Al Fakher),(パチ) Watermelon,,,,,,,,,,,,,,,
2026-01-30,202601,1,baba_main,AF (Al Fakher),(パチ) Watermelon,,,,,,,,,,,,,,,
2026-01-29,202601,1,nakano,AF (Al Fakher),(パチ) Watermelon,69,,,,,,,,,,,,,,
2026-01-25,202601,1,baba_2nd,AF (Al Fakher),(パチ) Watermelon,139,,,,,,,,,,,,,,
2026-01-26,202601,1,office,AWE (Al Waha Elite Edition),Libella Swing,,,,,,,,,,,,,,,
2026-01-30,202601,1,baba_main,AWE (Al Waha Elite Edition),Libella Swing,,,,,,,,,,,,,,,
2026-01-29,202601,1,nakano,AWE (Al Waha Elite Edition),Libella Swing,0,,,,,,,,,,,,,,
2026-01-25,202601,1,baba_2nd,AWE (Al Waha Elite Edition),Libella Swing,0,,,,,,,,,,,,,,
2026-01-26,202601,1,office,AZ (Afzal),Chocolate,,,,,,,,,,,,,,,
2026-01-30,202601,1,baba_main,AZ (Afzal),Chocolate,18,,,,,,,,,,,,,,
2026-01-29,202601,1,nakano,AZ (Afzal),Chocolate,0,,,,,,,,,,,,,,
2026-01-25,202601,1,baba_2nd,AZ (Afzal),Chocolate,,,,,,,,,,,,,,,
2026-01-26,202601,1,office,AZ (Afzal),Earlgray,,,,,,,,,,,,,,,
2026-01-30,202601,1,baba_main,AZ (Afzal),Earlgray,61,250,,,,,,,13,,,,,,
2026-01-29,202601,1,nakano,AZ (Afzal),Earlgray,145,258,,,,,,,,,,,,,
2026-01-25,202601,1,baba_2nd,AZ (Afzal),Earlgray,107,217,,,,,,,8,,,,,,
2026-01-26,202601,1,office,AZ (Afzal),Gingerale,,,,,,,,,10,,,,,,
2026-01-30,202601,1,baba_main,AZ (Afzal),Gingerale,113,,,,,,,,5,,,,,,
2026-01-29,202601,1,nakano,AZ (Afzal),Gingerale,139,,4,,,,,,,,,,,,
2026-01-25,202601,1,baba_2nd,AZ (Afzal),Gingerale,207,210,,,,,,,2,,,,,,
2026-01-26,202601,1,office,AZ (Afzal),Lychee,,,,,,,,,,,,,,,
2026-01-30,202601,1,baba_main,AZ (Afzal),Lychee,,,,,,,,,,,,,,,
2026-01-29,202601,1,nakano,AZ (Afzal),Lychee,42,,,,,,,,,,,,,,
2026-01-25,202601,1,baba_2nd,AZ (Afzal),Lychee,23,,6,,,,,,,,,,,,
2026-01-26,202601,1,office,AZ (Afzal),Pan Raas,,,,,,,,,,,,,,,
2026-01-30,202601,1,baba_main,AZ (Afzal),Pan Raas,,,8,,,,,,,,,,,,
2026-01-29,202601,1,nakano,AZ (Afzal),Pan Raas,,,9,,,,,,,,,,,,
2026-01-25,202601,1,baba_2nd,AZ (Afzal),Pan Raas,,,6,,,,,,,,,,,,
2026-01-26,202601,1,office,AZ (Afzal),Red Cherry,,,,,,,,,,,,,,,
2026-01-30,202601,1,baba_main,AZ (Afzal),Red Cherry,,,,,,,,,,,,,,,
2026-01-29,202601,1,nakano,AZ (Afzal),Red Cherry,0,,,,,,,,,,,,,,
2026-01-25,202601,1,baba_2nd,AZ (Afzal),Red Cherry,0,,,,,,,,,,,,,,
2026-01-26,202601,1,office,AZR GOLD (Azure Gold Line),Alaskan Ice,,,,,,,,,,120,,,,,
2026-01-30,202601,1,baba_main,AZR GOLD (Azure Gold Line),Alaskan Ice,165,213,,5,,,,,,1,,,,,
2026-01-29,202601,1,nakano,AZR GOLD (Azure Gold Line),Alaskan Ice,118,202,,6,,,,,,6,,,,,
2026-01-25,202601,1,baba_2nd,AZR GOLD (Azure Gold Line),Alaskan Ice,213,213,,5,,,,,,4,,,,,
2026-01-26,202601,1,office,AZR GOLD (Azure Gold Line),Apple Cider,,,,,,,,,,,,,,,
2026-01-30,202601,1,baba_main,AZR GOLD (Azure Gold Line),Apple Cider,,,,,,,,,,,,,,,
2026-01-29,202601,1,nakano,AZR GOLD (Azure Gold Line),Apple Cider,,,,,,,,,,,,,,,
2026-01-25,202601,1,baba_2nd,AZR GOLD (Azure Gold Line),Apple Cider,,,,,,,,,,,,,,,
2026-01-26,202601,1,office,AZR GOLD (Azure Gold Line),Barista'S Choice,,,,,,,,,,70,,,,,
2026-01-30,202601,1,baba_main,AZR GOLD (Azure Gold Line),Barista'S Choice,193,,,5,,,,,,3,,,,,
2026-01-29,202601,1,nakano,AZR GOLD (Azure Gold Line),Barista'S Choice,118,,,7,,,,,,,,,,,
2026-01-25,202601,1,baba_2nd,AZR GOLD (Azure Gold Line),Barista'S Choice,211,,,5,,,,,,3,,,,,
2026-01-26,202601,1,office,AZR GOLD (Azure Gold Line),Bermuda Mint,,,,,,,,,,130,,,,,
2026-01-30,202601,1,baba_main,AZR GOLD (Azure Gold Line),Bermuda Mint,164,216,,2,,,,,,3,,,,,
2026-01-29,202601,1,nakano,AZR GOLD (Azure Gold Line),Bermuda Mint,203,205,,5,,,,,,2,,,,,
2026-01-25,202601,1,baba_2nd,AZR GOLD (Azure Gold Line),Bermuda Mint,67,213,,5,,,,,,6,,,,,
2026-01-26,202601,1,office,AZR BLACK (Azure Black Line),Bermuda Mint(Black),,,,,,,,,,,,,,,
2026-01-30,202601,1,baba_main,AZR BLACK (Azure Black Line),Bermuda Mint(Black),,,,,,,,,,,,,,,
2026-01-29,202601,1,nakano,AZR BLACK (Azure Black Line),Bermuda Mint(Black),,,,,,,,,,,,,,,
2026-01-25,202601,1,baba_2nd,AZR BLACK (Azure Black Line),Bermuda Mint(Black),,,,,,,,,,,,,,,
2026-01-26,202601,1,office,AZR GOLD (Azure Gold Line),Berrymania,,,,,,,,,,125,,,,,
2026-01-30,202601,1,baba_main,AZR GOLD (Azure Gold Line),Berrymania,214,,,2,,,,,,,,,,,
2026-01-29,202601,1,nakano,AZR GOLD (Azure Gold Line),Berrymania,105,,,2,,,,,,,,,,,
2026-01-25,202601,1,baba_2nd,AZR GOLD (Azure Gold Line),Berrymania,216,,,5,,,,,,,,,,,
2026-01-26,202601,1,office,AZR GOLD (Azure Gold Line),Black Tea,,,,,,,,,,95,,,,,
2026-01-30,202601,1,baba_main,AZR GOLD (Azure Gold Line),Black Tea,109,,,2,,,,,,4,,,,,
2026-01-29,202601,1,nakano,AZR GOLD (Azure Gold Line),Black Tea,209,,,2,,,,,,,,,,,
2026-01-25,202601,1,baba_2nd,AZR GOLD (Azure Gold Line),Black Tea,224,,,3,,,,,,,,,,,
2026-01-26,202601,1,office,AZR GOLD (Azure Gold Line),California Blue,,,,,,,,,,,,,,,
2026-01-30,202601,1,baba_main,AZR GOLD (Azure Gold Line),California Blue,36,,,,,,,,,,,,,,
2026-01-29,202601,1,nakano,AZR GOLD (Azure Gold Line),California Blue,114,,,,,,,,,,,,,,
2026-01-25,202601,1,baba_2nd,AZR GOLD (Azure Gold Line),California Blue,106,,,,,,,,,,,,,,
2026-01-26,202601,1,office,AZR BLACK (Azure Black Line),California Blue (Black),,,,,,,,,,5,,,,,
2026-01-30,202601,1,baba_main,AZR BLACK (Azure Black Line),California Blue (Black),18,,,1,,,,,,4,,,,,
2026-01-29,202601,1,nakano,AZR BLACK (Azure Black Line),California Blue (Black),67,,,2,,,,,,,,,,,
2026-01-25,202601,1,baba_2nd,AZR BLACK (Azure Black Line),California Blue (Black),17,,,5,,,,,,5,,,,,
2026-01-26,202601,1,office,AZR GOLD (Azure Gold Line),Carolina Peach,,,,,,,,,,90,,,,,
2026-01-30,202601,1,baba_main,AZR GOLD (Azure Gold Line),Carolina Peach,172,,,5,,,,,,3,,,,,
2026-01-29,202601,1,nakano,AZR GOLD (Azure Gold Line),Carolina Peach,230,,,4,,,,,,,,,,,
2026-01-25,202601,1,baba_2nd,AZR GOLD (Azure Gold Line),Carolina Peach,180,,,5,,,,,,3,,,,,
2026-01-26,202601,1,office,AZR GOLD (Azure Gold Line),Chai Masala,,,,,,,,,,155,,,,,
2026-01-30,202601,1,baba_main,AZR GOLD (Azure Gold Line),Chai Masala,221,,,2,,,,,,,,,,,
2026-01-29,202601,1,nakano,AZR GOLD (Azure Gold Line),Chai Masala,167,,,5,,,,,,1,,,,,
2026-01-25,202601,1,baba_2nd,AZR GOLD (Azure Gold Line),Chai Masala,172,,,5,,,,,,2,,,,,
2026-01-26,202601,1,office,AZR GOLD (Azure Gold Line),Chocolate Cake,,,,,,,,,,100,,,,,
2026-01-30,202601,1,baba_main,AZR GOLD (Azure Gold Line),Chocolate Cake,166,,,5,,,,,,2,,,,,
2026-01-29,202601,1,nakano,AZR GOLD (Azure Gold Line),Chocolate Cake,166,,,3,,,,,,5,,,,,
2026-01-25,202601,1,baba_2nd,AZR GOLD (Azure Gold Line),Chocolate Cake,183,,,5,,,,,,4,,,,,
2026-01-26,202601,1,office,AZR GOLD (Azure Gold Line),Chocolate Mint,,,,,,,,,,120,,,,,
2026-01-30,202601,1,baba_main,AZR GOLD (Azure Gold Line),Chocolate Mint,186,,,3,,,,,,5,,,,,
2026-01-29,202601,1,nakano,AZR GOLD (Azure Gold Line),Chocolate Mint,226,,,4,,,,,,1,,,,,
2026-01-25,202601,1,baba_2nd,AZR GOLD (Azure Gold Line),Chocolate Mint,160,,,4,,,,,,6,,,,,
2026-01-26,202601,1,office,AZR GOLD (Azure Gold Line),Cinnamon Cookies,,,,,,,,,,90,,,,,
2026-01-30,202601,1,baba_main,AZR GOLD (Azure Gold Line),Cinnamon Cookies,115,273,,3,,,,,,,,,,,
2026-01-29,202601,1,nakano,AZR GOLD (Azure Gold Line),Cinnamon Cookies,239,0,,3,,,,,,3,,,,,
2026-01-25,202601,1,baba_2nd,AZR GOLD (Azure Gold Line),Cinnamon Cookies,145,,,5,,,,,,5,,,,,
2026-01-26,202601,1,office,AZR GOLD (Azure Gold Line),Cocomania,,,,,,,,,,,,,,,
2026-01-30,202601,1,baba_main,AZR GOLD (Azure Gold Line),Cocomania,102,,,,,,,,,,,,,,
2026-01-29,202601,1,nakano,AZR GOLD (Azure Gold Line),Cocomania,108,,,,,,,,,,,,,,
2026-01-25,202601,1,baba_2nd,AZR GOLD (Azure Gold Line),Cocomania,140,,,,,,,,,,,,,,
2026-01-26,202601,1,office,AZR GOLD (Azure Gold Line),Copacabana,,,,,,,,,,,,,,,
2026-01-30,202601,1,baba_main,AZR GOLD (Azure Gold Line),Copacabana,100,,,,,,,,,,,,,,
2026-01-29,202601,1,nakano,AZR GOLD (Azure Gold Line),Copacabana,29,,,,,,,,,,,,,,
2026-01-25,202601,1,baba_2nd,AZR GOLD (Azure Gold Line),Copacabana,66,,,,,,,,,,,,,,
2026-01-26,202601,1,office,AZR GOLD (Azure Gold Line),Cucumelon,,,,,,,,,,,,,,,
2026-01-30,202601,1,baba_main,AZR GOLD (Azure Gold Line),Cucumelon,123,,,,,,,,,,,,,,
2026-01-29,202601,1,nakano,AZR GOLD (Azure Gold Line),Cucumelon,0,,,,,,,,,,,,,,
2026-01-25,202601,1,baba_2nd,AZR GOLD (Azure Gold Line),Cucumelon,60,,,,,,,,,,,,,,
2026-01-26,202601,1,office,AZR GOLD (Azure Gold Line),D Cherry,,,,,,,,,,,,,,,
2026-01-30,202601,1,baba_main,AZR GOLD (Azure Gold Line),D Cherry,,,,,,,,,,,,,,,
2026-01-29,202601,1,nakano,AZR GOLD (Azure Gold Line),D Cherry,0,,,,,,,,,,,,,,
2026-01-25,202601,1,baba_2nd,AZR GOLD (Azure Gold Line),D Cherry,,,,,,,,,,,,,,,
2026-01-26,202601,1,office,AZR GOLD (Azure Gold Line),Down Under,,,,,,,,,,145,,,,,
2026-01-30,202601,1,baba_main,AZR GOLD (Azure Gold Line),Down Under,68,209,,5,,,,,,2,,,,,
2026-01-29,202601,1,nakano,AZR GOLD (Azure Gold Line),Down Under,226,0,,6,,,,,,8,,,,,
2026-01-25,202601,1,baba_2nd,AZR GOLD (Azure Gold Line),Down Under,56,214,,5,,,,,,8,,,,,
2026-01-26,202601,1,office,AZR BLACK (Azure Black Line),Down Under (Black),,,,,,,,,,4,,,,,
2026-01-30,202601,1,baba_main,AZR BLACK (Azure Black Line),Down Under (Black),57,,,1,,,,,,9,,,,,
2026-01-29,202601,1,nakano,AZR BLACK (Azure Black Line),Down Under (Black),56,,,3,,,,,,,,,,,
2026-01-25,202601,1,baba_2nd,AZR BLACK (Azure Black Line),Down Under (Black),100,,,3,,,,,,9,,,,,
2026-01-26,202601,1,office,AZR BLACK (Azure Black Line),Dubai Apple (Black),,,,,,,,,,20,,,,,
2026-01-30,202601,1,baba_main,AZR BLACK (Azure Black Line),Dubai Apple (Black),48,,,1,,,,,,5,,,,,
2026-01-29,202601,1,nakano,AZR BLACK (Azure Black Line),Dubai Apple (Black),11,,,3,,,,,,,,,,,
2026-01-25,202601,1,baba_2nd,AZR BLACK (Azure Black Line),Dubai Apple (Black),3,,,5,,,,,,2,,,,,
2026-01-26,202601,1,office,AZR GOLD (Azure Gold Line),Grapefruit,,,,,,,,,,180,,,,,
2026-01-30,202601,1,baba_main,AZR GOLD (Azure Gold Line),Grapefruit,95,208,,1,,,,,,,,,,,
2026-01-29,202601,1,nakano,AZR GOLD (Azure Gold Line),Grapefruit,222,,,5,,,,,,6,,,,,
2026-01-25,202601,1,baba_2nd,AZR GOLD (Azure Gold Line),Grapefruit,77,270,,5,,,,,,6,,,,,
2026-01-26,202601,1,office,AZR GOLD (Azure Gold Line),Green Tea,,,,,,,,,,190,,,,,
2026-01-30,202601,1,baba_main,AZR GOLD (Azure Gold Line),Green Tea,144,207,,5,,,,,,2,,,,,
2026-01-29,202601,1,nakano,AZR GOLD (Azure Gold Line),Green Tea,134,213,,1,,,,,,,,,,,
2026-01-25,202601,1,baba_2nd,AZR GOLD (Azure Gold Line),Green Tea,170,224,,5,,,,,,7,,,,,
2026-01-26,202601,1,office,AZR BLACK (Azure Black Line),Green Tea (Black),,,,,,,,,,45,,,,,
2026-01-30,202601,1,baba_main,AZR BLACK (Azure Black Line),Green Tea (Black),68,,,1,,,,,,5,,,,,
2026-01-29,202601,1,nakano,AZR BLACK (Azure Black Line),Green Tea (Black),18,,,,,,,,,,,,,,
2026-01-25,202601,1,baba_2nd,AZR BLACK (Azure Black Line),Green Tea (Black),100,,,3,,,,,,,,,,,
2026-01-26,202601,1,office,AZR GOLD (Azure Gold Line),Guavi,,,,,,,,,,40,,,,,
2026-01-30,202601,1,baba_main,AZR GOLD (Azure Gold Line),Guavi,187,,,4,,,,,,,,,,,
2026-01-29,202601,1,nakano,AZR GOLD (Azure Gold Line),Guavi,174,,,6,,,,,,3,,,,,
2026-01-25,202601,1,baba_2nd,AZR GOLD (Azure Gold Line),Guavi,188,,,5,,,,,,4,,,,,
2026-01-26,202601,1,office,AZR GOLD (Azure Gold Line),Ice Lime,,,,,,,,,,100,,,,,
2026-01-30,202601,1,baba_main,AZR GOLD (Azure Gold Line),Ice Lime,,,,,,,,,,,,,,,
2026-01-29,202601,1,nakano,AZR GOLD (Azure Gold Line),Ice Lime,,,,,,,,,,,,,,,
2026-01-25,202601,1,baba_2nd,AZR GOLD (Azure Gold Line),Ice Lime,,,,,,,,,,,,,,,
2026-01-26,202601,1,office,AZR GOLD (Azure Gold Line),Ice Pear,,,,,,,,,,170,,,,,
2026-01-30,202601,1,baba_main,AZR GOLD (Azure Gold Line),Ice Pear,151,222,,3,,,,,,,,,,,
2026-01-29,202601,1,nakano,AZR GOLD (Azure Gold Line),Ice Pear,238,,,5,,,,,,7,,,,,
2026-01-25,202601,1,baba_2nd,AZR GOLD (Azure Gold Line),Ice Pear,231,218,,,,,,,,8,,,,,
2026-01-26,202601,1,office,AZR BLACK (Azure Black Line),Island City Blend(Black),,,,,,,,,,55,,,,,
2026-01-30,202601,1,baba_main,AZR BLACK (Azure Black Line),Island City Blend(Black),70,,,1,,,,,,12,,,,,
2026-01-29,202601,1,nakano,AZR BLACK (Azure Black Line),Island City Blend(Black),63,,,5,,,,,,4,,,,,
2026-01-25,202601,1,baba_2nd,AZR BLACK (Azure Black Line),Island City Blend(Black),8,,,5,,,,,,7,,,,,
2026-01-26,202601,1,office,AZR GOLD (Azure Gold Line),Jasmine,,,,,,,,,,160,,,,,
2026-01-30,202601,1,baba_main,AZR GOLD (Azure Gold Line),Jasmine,145,,,5,,,,,,7,,,,,
2026-01-29,202601,1,nakano,AZR GOLD (Azure Gold Line),Jasmine,200,0,,5,,,,,,3,,,,,
2026-01-25,202601,1,baba_2nd,AZR GOLD (Azure Gold Line),Jasmine,260,214,,5,,,,,,2,,,,,
2026-01-26,202601,1,office,AZR GOLD (Azure Gold Line),Jungle Juice,,,,,,,,,,50,,,,,
2026-01-30,202601,1,baba_main,AZR GOLD (Azure Gold Line),Jungle Juice,150,,,5,,,,,,3,,,,,
2026-01-29,202601,1,nakano,AZR GOLD (Azure Gold Line),Jungle Juice,117,,,2,,,,,,,,,,,
2026-01-25,202601,1,baba_2nd,AZR GOLD (Azure Gold Line),Jungle Juice,209,,,4,,,,,,4,,,,,
2026-01-26,202601,1,office,AZR GOLD (Azure Gold Line),Kokutou,,,,,,,,,,185,,,,,
2026-01-30,202601,1,baba_main,AZR GOLD (Azure Gold Line),Kokutou,146,234,,5,,,,,,6,,,,,
2026-01-29,202601,1,nakano,AZR GOLD (Azure Gold Line),Kokutou,174,205,,1,,,,,,,,,,,
2026-01-25,202601,1,baba_2nd,AZR GOLD (Azure Gold Line),Kokutou,163,243,,5,,,,,,,,,,,
2026-01-26,202601,1,office,AZR BLACK (Azure Black Line),Kokutou (Black),,,,,,,,,,60,,,,,
2026-01-30,202601,1,baba_main,AZR BLACK (Azure Black Line),Kokutou (Black),46,,,1,,,,,,2,,,,,
2026-01-29,202601,1,nakano,AZR BLACK (Azure Black Line),Kokutou (Black),135,,,6,,,,,,4,,,,,
2026-01-25,202601,1,baba_2nd,AZR BLACK (Azure Black Line),Kokutou (Black),102,,,4,,,,,,,,,,,
2026-01-26,202601,1,office,AZR GOLD (Azure Gold Line),Lemongrass,,,,,,,,,,115,,,,,
2026-01-30,202601,1,baba_main,AZR GOLD (Azure Gold Line),Lemongrass,199,,,5,,,,,,3,,,,,
2026-01-29,202601,1,nakano,AZR GOLD (Azure Gold Line),Lemongrass,255,,,3,,,,,,,,,,,
2026-01-25,202601,1,baba_2nd,AZR GOLD (Azure Gold Line),Lemongrass,210,233,,5,,,,,,5,,,,,
2026-01-26,202601,1,office,AZR BLACK (Azure Black Line),Lemongrass (Black),,,,,,,,,,30,,,,,
2026-01-30,202601,1,baba_main,AZR BLACK (Azure Black Line),Lemongrass (Black),100,,,1,,,,,,4,,,,,
2026-01-29,202601,1,nakano,AZR BLACK (Azure Black Line),Lemongrass (Black),,,,,,,,,,,,,,,
2026-01-25,202601,1,baba_2nd,AZR BLACK (Azure Black Line),Lemongrass (Black),20,,,5,,,,,,3,,,,,
2026-01-26,202601,1,office,AZR GOLD (Azure Gold Line),Lemon Muffin,,,,,,,,,,5,,,,,
2026-01-30,202601,1,baba_main,AZR GOLD (Azure Gold Line),Lemon Muffin,222,,,5,,,,,,4,,,,,
2026-01-29,202601,1,nakano,AZR GOLD (Azure Gold Line),Lemon Muffin,174,,,,,,,,,,,,,,
2026-01-25,202601,1,baba_2nd,AZR GOLD (Azure Gold Line),Lemon Muffin,223,,,5,,,,,,,,,,,
2026-01-26,202601,1,office,AZR GOLD (Azure Gold Line),Lemon Sage,,,,,,,,,,125,,,,,
2026-01-30,202601,1,baba_main,AZR GOLD (Azure Gold Line),Lemon Sage,238,,,4,,,,,,4,,,,,
2026-01-29,202601,1,nakano,AZR GOLD (Azure Gold Line),Lemon Sage,176,,,3,,,,,,9,,,,,
2026-01-25,202601,1,baba_2nd,AZR GOLD (Azure Gold Line),Lemon Sage,156,253,,5,,,,,,4,,,,,
2026-01-26,202601,1,office,AZR GOLD (Azure Gold Line),Lime,,,,,,,,,,135,,,,,
2026-01-30,202601,1,baba_main,AZR GOLD (Azure Gold Line),Lime,29,224,,5,,,,,,4,,,,,
2026-01-29,202601,1,nakano,AZR GOLD (Azure Gold Line),Lime,162,,,3,,,,,,5,,,,,
2026-01-25,202601,1,baba_2nd,AZR GOLD (Azure Gold Line),Lime,140,216,,5,,,,,,5,,,,,
2026-01-26,202601,1,office,AZR GOLD (Azure Gold Line),Lime Cola,,,,,,,,,,0,,,,,
2026-01-30,202601,1,baba_main,AZR GOLD (Azure Gold Line),Lime Cola,63,,,3,,,,,,,,,,,
2026-01-29,202601,1,nakano,AZR GOLD (Azure Gold Line),Lime Cola,112,,,4,,,,,,,,,,,
2026-01-25,202601,1,baba_2nd,AZR GOLD (Azure Gold Line),Lime Cola,167,,,,,,,,,,,,,,
2026-01-26,202601,1,office,AZR GOLD (Azure Gold Line),Limoncello,,,,,,,,,,185,,,,,
2026-01-30,202601,1,baba_main,AZR GOLD (Azure Gold Line),Limoncello,58,224,,5,,,,,,2,,,,,
2026-01-29,202601,1,nakano,AZR GOLD (Azure Gold Line),Limoncello,80,213,,3,,,,,,2,,,,,
2026-01-25,202601,1,baba_2nd,AZR GOLD (Azure Gold Line),Limoncello,183,241,,5,,,,,,3,,,,,
2026-01-26,202601,1,office,AZR BLACK (Azure Black Line),Limoncello (Black),,,,,,,,,,35,,,,,
2026-01-30,202601,1,baba_main,AZR BLACK (Azure Black Line),Limoncello (Black),86,,,1,,,,,,4,,,,,
2026-01-29,202601,1,nakano,AZR BLACK (Azure Black Line),Limoncello (Black),42,,,2,,,,,,5,,,,,
2026-01-25,202601,1,baba_2nd,AZR BLACK (Azure Black Line),Limoncello (Black),62,,,4,,,,,,4,,,,,
2026-01-26,202601,1,office,AZR GOLD (Azure Gold Line),Lychee,,,,,,,,,,250,,,,,
2026-01-30,202601,1,baba_main,AZR GOLD (Azure Gold Line),Lychee,114,211,,5,,,,,,5,,,,,
2026-01-29,202601,1,nakano,AZR GOLD (Azure Gold Line),Lychee,76,220,,4,,,,,,5,,,,,
2026-01-25,202601,1,baba_2nd,AZR GOLD (Azure Gold Line),Lychee,109,245,,5,,,,,,3,,,,,
2026-01-26,202601,1,office,AZR BLACK (Azure Black Line),Lychee (Black),,,,,,,,,,6,,,,,
2026-01-30,202601,1,baba_main,AZR BLACK (Azure Black Line),Lychee (Black),205,,,1,,,,,,1,,,,,
2026-01-29,202601,1,nakano,AZR BLACK (Azure Black Line),Lychee (Black),5,,,4,,,,,,,,,,,
2026-01-25,202601,1,baba_2nd,AZR BLACK (Azure Black Line),Lychee (Black),145,,,5,,,,,,,,,,,
2026-01-26,202601,1,office,AZR GOLD (Azure Gold Line),Mexicola,,,,,,,,,,135,,,,,
2026-01-30,202601,1,baba_main,AZR GOLD (Azure Gold Line),Mexicola,180,217,,5,,,,,,3,,,,,
2026-01-29,202601,1,nakano,AZR GOLD (Azure Gold Line),Mexicola,208,211,,4,,,,,,,,,,,
2026-01-25,202601,1,baba_2nd,AZR GOLD (Azure Gold Line),Mexicola,77,250,,5,,,,,,5,,,,,
2026-01-26,202601,1,office,AZR BLACK (Azure Black Line),Mexicola (Black),,,,,,,,,,4,,,,,
2026-01-30,202601,1,baba_main,AZR BLACK (Azure Black Line),Mexicola (Black),60,,,1,,,,,,12,,,,,
2026-01-29,202601,1,nakano,AZR BLACK (Azure Black Line),Mexicola (Black),26,,,5,,,,,,4,,,,,
2026-01-25,202601,1,baba_2nd,AZR BLACK (Azure Black Line),Mexicola (Black),94,,,5,,,,,,8,,,,,
2026-01-26,202601,1,office,AZR GOLD (Azure Gold Line),New Grape Mint,,,,,,,,,,140,,,,,
2026-01-30,202601,1,baba_main,AZR GOLD (Azure Gold Line),New Grape Mint,179,,,5,,,,,,2,,,,,
2026-01-29,202601,1,nakano,AZR GOLD (Azure Gold Line),New Grape Mint,196,,,2,,,,,,,,,,,
2026-01-25,202601,1,baba_2nd,AZR GOLD (Azure Gold Line),New Grape Mint,173,,,5,,,,,,4,,,,,
2026-01-26,202601,1,office,AZR GOLD (Azure Gold Line),Orange Crush,,,,,,,,,,115,,,,,
2026-01-30,202601,1,baba_main,AZR GOLD (Azure Gold Line),Orange Crush,196,,,5,,,,,,5,,,,,
2026-01-29,202601,1,nakano,AZR GOLD (Azure Gold Line),Orange Crush,143,,,6,,,,,,,,,,,
2026-01-25,202601,1,baba_2nd,AZR GOLD (Azure Gold Line),Orange Crush,192,,,5,,,,,,5,,,,,
2026-01-26,202601,1,office,AZR BLACK (Azure Black Line),Orange Crush (Black),,,,,,,,,,45,,,,,
2026-01-30,202601,1,baba_main,AZR BLACK (Azure Black Line),Orange Crush (Black),89,,,1,,,,,,4,,,,,
2026-01-29,202601,1,nakano,AZR BLACK (Azure Black Line),Orange Crush (Black),24,,,3,,,,,,,,,,,
2026-01-25,202601,1,baba_2nd,AZR BLACK (Azure Black Line),Orange Crush (Black),51,,,5,,,,,,6,,,,,
2026-01-26,202601,1,office,AZR GOLD (Azure Gold Line),Papaya,,,,,,,,,,,,,,,
2026-01-30,202601,1,baba_main,AZR GOLD (Azure Gold Line),Papaya,54,,,,,,,,,,,,,,
2026-01-29,202601,1,nakano,AZR GOLD (Azure Gold Line),Papaya,46,,,,,,,,,,,,,,
2026-01-25,202601,1,baba_2nd,AZR GOLD (Azure Gold Line),Papaya,30,,,,,,,,,,,,,,
2026-01-26,202601,1,office,AZR GOLD (Azure Gold Line),Passion Fruit,,,,,,,,,,150,,,,,
2026-01-30,202601,1,baba_main,AZR GOLD (Azure Gold Line),Passion Fruit,171,,,5,,,,,,5,,,,,
2026-01-29,202601,1,nakano,AZR GOLD (Azure Gold Line),Passion Fruit,273,,,3,,,,,,,,,,,
2026-01-25,202601,1,baba_2nd,AZR GOLD (Azure Gold Line),Passion Fruit,171,,,5,,,,,,6,,,,,
2026-01-26,202601,1,office,AZR BLACK (Azure Black Line),Passion Fruit (Black),,,,,,,,,,,,,,,
2026-01-30,202601,1,baba_main,AZR BLACK (Azure Black Line),Passion Fruit (Black),,,,,,,,,,,,,,,
2026-01-29,202601,1,nakano,AZR BLACK (Azure Black Line),Passion Fruit (Black),0,,,,,,,,,,,,,,
2026-01-25,202601,1,baba_2nd,AZR BLACK (Azure Black Line),Passion Fruit (Black),,,,,,,,,,,,,,,
2026-01-26,202601,1,office,AZR BLACK (Azure Black Line),Pineapple (Black),,,,,,,,,,,,,,,
2026-01-30,202601,1,baba_main,AZR BLACK (Azure Black Line),Pineapple (Black),,,,,,,,,,,,,,,
2026-01-29,202601,1,nakano,AZR BLACK (Azure Black Line),Pineapple (Black),,,,,,,,,,,,,,,
2026-01-25,202601,1,baba_2nd,AZR BLACK (Azure Black Line),Pineapple (Black),,,,,,,,,,,,,,,
2026-01-26,202601,1,office,AZR GOLD (Azure Gold Line),Pineapple Express,,,,,,,,,,135,,,,,
2026-01-30,202601,1,baba_main,AZR GOLD (Azure Gold Line),Pineapple Express,150,,,5,,,,,,3,,,,,
2026-01-29,202601,1,nakano,AZR GOLD (Azure Gold Line),Pineapple Express,228,,,5,,,,,,3,,,,,
2026-01-25,202601,1,baba_2nd,AZR GOLD (Azure Gold Line),Pineapple Express,195,,,4,,,,,,5,,,,,
2026-01-26,202601,1,office,AZR GOLD (Azure Gold Line),Pinky,,,,,,,,,,,,,,,
2026-01-30,202601,1,baba_main,AZR GOLD (Azure Gold Line),Pinky,,,,,,,,,,,,,,,
2026-01-29,202601,1,nakano,AZR GOLD (Azure Gold Line),Pinky,0,,,,,,,,,,,,,,
2026-01-25,202601,1,baba_2nd,AZR GOLD (Azure Gold Line),Pinky,,,,,,,,,,,,,,,
2026-01-26,202601,1,office,AZR GOLD (Azure Gold Line),Plumberry,,,,,,,,,,,,,,,
2026-01-30,202601,1,baba_main,AZR GOLD (Azure Gold Line),Plumberry,,,,,,,,,,,,,,,
2026-01-29,202601,1,nakano,AZR GOLD (Azure Gold Line),Plumberry,,,,,,,,,,,,,,,
2026-01-25,202601,1,baba_2nd,AZR GOLD (Azure Gold Line),Plumberry,,,,,,,,,,,,,,,
2026-01-26,202601,1,office,AZR GOLD (Azure Gold Line),Queen Of Fruits,,,,,,,,,,130,,,,,
2026-01-30,202601,1,baba_main,AZR GOLD (Azure Gold Line),Queen Of Fruits,169,,,3,,,,,,,,,,,
2026-01-29,202601,1,nakano,AZR GOLD (Azure Gold Line),Queen Of Fruits,237,0,,4,,,,,,,,,,,
2026-01-25,202601,1,baba_2nd,AZR GOLD (Azure Gold Line),Queen Of Fruits,216,,,5,,,,,,4,,,,,
2026-01-26,202601,1,office,AZR BLACK (Azure Black Line),Queen Of Fruits (Black),,,,,,,,,,,,,,,
2026-01-30,202601,1,baba_main,AZR BLACK (Azure Black Line),Queen Of Fruits (Black),39,,,,,,,,,,,,,,
2026-01-29,202601,1,nakano,AZR BLACK (Azure Black Line),Queen Of Fruits (Black),84,,,1,,,,,,,,,,,
2026-01-25,202601,1,baba_2nd,AZR BLACK (Azure Black Line),Queen Of Fruits (Black),66,,,3,,,,,,,,,,,
2026-01-26,202601,1,office,AZR GOLD (Azure Gold Line),Raspberry Vanilla,,,,,,,,,,,,,,,
2026-01-30,202601,1,baba_main,AZR GOLD (Azure Gold Line),Raspberry Vanilla,44,,,,,,,,,,,,,,
2026-01-29,202601,1,nakano,AZR GOLD (Azure Gold Line),Raspberry Vanilla,0,,,,,,,,,,,,,,
2026-01-25,202601,1,baba_2nd,AZR GOLD (Azure Gold Line),Raspberry Vanilla,43,,,,,,,,,,,,,,
2026-01-26,202601,1,office,AZR GOLD (Azure Gold Line),Rio Mint,,,,,,,,,,70,,,,,
2026-01-30,202601,1,baba_main,AZR GOLD (Azure Gold Line),Rio Mint,138,,,4,,,,,,6,,,,,
2026-01-29,202601,1,nakano,AZR GOLD (Azure Gold Line),Rio Mint,71,,,5,,,,,,5,,,,,
2026-01-25,202601,1,baba_2nd,AZR GOLD (Azure Gold Line),Rio Mint,180,,,4,,,,,,4,,,,,
2026-01-26,202601,1,office,AZR BLACK (Azure Black Line),Royal Citrus (Black),,,,,,,,,,0,,,,,
2026-01-30,202601,1,baba_main,AZR BLACK (Azure Black Line),Royal Citrus (Black),60,,,,,,,,,,,,,,
2026-01-29,202601,1,nakano,AZR BLACK (Azure Black Line),Royal Citrus (Black),80,,,1,,,,,,,,,,,
2026-01-25,202601,1,baba_2nd,AZR BLACK (Azure Black Line),Royal Citrus (Black),41,,,,,,,,,,,,,,
2026-01-26,202601,1,office,AZR GOLD (Azure Gold Line),Royal Mango,,,,,,,,,,110,,,,,
2026-01-30,202601,1,baba_main,AZR GOLD (Azure Gold Line),Royal Mango,177,,,5,,,,,,2,,,,,
2026-01-29,202601,1,nakano,AZR GOLD (Azure Gold Line),Royal Mango,167,,,5,,,,,,5,,,,,
2026-01-25,202601,1,baba_2nd,AZR GOLD (Azure Gold Line),Royal Mango,175,213,,5,,,,,,2,,,,,
2026-01-26,202601,1,office,AZR BLACK (Azure Black Line),Royal Orange (Black),,,,,,,,,,,,,,,
2026-01-30,202601,1,baba_main,AZR BLACK (Azure Black Line),Royal Orange (Black),,,,,,,,,,,,,,,
2026-01-29,202601,1,nakano,AZR BLACK (Azure Black Line),Royal Orange (Black),,,,,,,,,,,,,,,
2026-01-25,202601,1,baba_2nd,AZR BLACK (Azure Black Line),Royal Orange (Black),,,,,,,,,,,,,,,
2026-01-26,202601,1,office,AZR GOLD (Azure Gold Line),Royal Queen,,,,,,,,,,,,,,,
2026-01-30,202601,1,baba_main,AZR GOLD (Azure Gold Line),Royal Queen,71,,,,,,,,,,,,,,
2026-01-29,202601,1,nakano,AZR GOLD (Azure Gold Line),Royal Queen,123,,,,,,,,,,,,,,
2026-01-25,202601,1,baba_2nd,AZR GOLD (Azure Gold Line),Royal Queen,0,,,,,,,,,,,,,,
2026-01-26,202601,1,office,AZR GOLD (Azure Gold Line),Royal Raspberry,,,,,,,,,,,,,,,
2026-01-30,202601,1,baba_main,AZR GOLD (Azure Gold Line),Royal Raspberry,,,,,,,,,,,,,,,
2026-01-29,202601,1,nakano,AZR GOLD (Azure Gold Line),Royal Raspberry,0,,,,,,,,,,,,,,
2026-01-25,202601,1,baba_2nd,AZR GOLD (Azure Gold Line),Royal Raspberry,,,,,,,,,,,,,,,
2026-01-26,202601,1,office,AZR GOLD (Azure Gold Line),Solana Beach,,,,,,,,,,,,,,,
2026-01-30,202601,1,baba_main,AZR GOLD (Azure Gold Line),Solana Beach,45,,,2,,,,,,,,,,,
2026-01-29,202601,1,nakano,AZR GOLD (Azure Gold Line),Solana Beach,44,,,1,,,,,,,,,,,
2026-01-25,202601,1,baba_2nd,AZR GOLD (Azure Gold Line),Solana Beach,66,,,1,,,,,,,,,,,
2026-01-26,202601,1,office,AZR GOLD (Azure Gold Line),Sour,,,,,,,,,,65,,,,,
2026-01-30,202601,1,baba_main,AZR GOLD (Azure Gold Line),Sour,120,,,4,,,,,,,,,,,
2026-01-29,202601,1,nakano,AZR GOLD (Azure Gold Line),Sour,244,,,1,,,,,,3,,,,,
2026-01-25,202601,1,baba_2nd,AZR GOLD (Azure Gold Line),Sour,191,,,5,,,,,,5,,,,,
2026-01-26,202601,1,office,AZR BLACK (Azure Black Line),Sour (Black),,,,,,,,,,,,,,,
2026-01-30,202601,1,baba_main,AZR BLACK (Azure Black Line),Sour (Black),27,,,,,,,,,,,,,,
2026-01-29,202601,1,nakano,AZR BLACK (Azure Black Line),Sour (Black),0,,,,,,,,,,,,,,
2026-01-25,202601,1,baba_2nd,AZR BLACK (Azure Black Line),Sour (Black),45,,,,,,,,,,,,,,
2026-01-26,202601,1,office,AZR GOLD (Azure Gold Line),Strawberry Passion,,,,,,,,,,,,,,,
2026-01-30,202601,1,baba_main,AZR GOLD (Azure Gold Line),Strawberry Passion,71,,,,,,,,,,,,,,
2026-01-29,202601,1,nakano,AZR GOLD (Azure Gold Line),Strawberry Passion,0,,,,,,,,,,,,,,
2026-01-25,202601,1,baba_2nd,AZR GOLD (Azure Gold Line),Strawberry Passion,,,,,,,,,,,,,,,
2026-01-26,202601,1,office,AZR GOLD (Azure Gold Line),Strong Lychee,,,,,,,,,,,,,,,
2026-01-30,202601,1,baba_main,AZR GOLD (Azure Gold Line),Strong Lychee,20,,,,,,,,,,,,,,
2026-01-29,202601,1,nakano,AZR GOLD (Azure Gold Line),Strong Lychee,0,,,,,,,,,,,,,,
2026-01-25,202601,1,baba_2nd,AZR GOLD (Azure Gold Line),Strong Lychee,,,,,,,,,,,,,,,
2026-01-26,202601,1,office,AZR GOLD (Azure Gold Line),Tropical Paradise,,,,,,,,,,155,,,,,
2026-01-30,202601,1,baba_main,AZR GOLD (Azure Gold Line),Tropical Paradise,160,,,6,,,,,,4,,,,,
2026-01-29,202601,1,nakano,AZR GOLD (Azure Gold Line),Tropical Paradise,87,,,5,,,,,,,,,,,
2026-01-25,202601,1,baba_2nd,AZR GOLD (Azure Gold Line),Tropical Paradise,109,221,,5,,,,,,3,,,,,
2026-01-26,202601,1,office,AZR GOLD (Azure Gold Line),Vanilla Bean,,,,,,,,,,125,,,,,
2026-01-30,202601,1,baba_main,AZR GOLD (Azure Gold Line),Vanilla Bean,231,,,5,,,,,,1,,,,,
2026-01-29,202601,1,nakano,AZR GOLD (Azure Gold Line),Vanilla Bean,173,,,3,,,,,,6,,,,,
2026-01-25,202601,1,baba_2nd,AZR GOLD (Azure Gold Line),Vanilla Bean,130,,,5,,,,,,8,,,,,
2026-01-26,202601,1,office,AZR GOLD (Azure Gold Line),Viva La Horchata,,,,,,,,,,60,,,,,
2026-01-30,202601,1,baba_main,AZR GOLD (Azure Gold Line),Viva La Horchata,158,,,5,,,,,,4,,,,,
2026-01-29,202601,1,nakano,AZR GOLD (Azure Gold Line),Viva La Horchata,140,,,3,,,,,,,,,,,
2026-01-25,202601,1,baba_2nd,AZR GOLD (Azure Gold Line),Viva La Horchata,218,,,5,,,,,,3,,,,,
2026-01-26,202601,1,office,AZR GOLD (Azure Gold Line),Winter Rose,,,,,,,,,,,,,,,
2026-01-30,202601,1,baba_main,AZR GOLD (Azure Gold Line),Winter Rose,,,,,,,,,,,,,,,
2026-01-29,202601,1,nakano,AZR GOLD (Azure Gold Line),Winter Rose,,,,,,,,,,,,,,,
2026-01-25,202601,1,baba_2nd,AZR GOLD (Azure Gold Line),Winter Rose,,,,,,,,,,,,,,,
2026-01-26,202601,1,office,DBJ (Debaj),Blue Berry,,,,,,,,,,,,,,,
2026-01-30,202601,1,baba_main,DBJ (Debaj),Blue Berry,,,,,,,,,,,,,,,
2026-01-29,202601,1,nakano,DBJ (Debaj),Blue Berry,,,,,,,,,,,,,,,
2026-01-25,202601,1,baba_2nd,DBJ (Debaj),Blue Berry,,,,,,,,,,,,,,,
2026-01-26,202601,1,office,DBJ (Debaj),Cardamom,,,,,,,,,,,,,,,
2026-01-30,202601,1,baba_main,DBJ (Debaj),Cardamom,,,,,,,,,,,,,,,
2026-01-29,202601,1,nakano,DBJ (Debaj),Cardamom,,,,,,,,,,,,,,,
2026-01-25,202601,1,baba_2nd,DBJ (Debaj),Cardamom,,,,,,,,,,,,,,,
2026-01-26,202601,1,office,DBJ (Debaj),Guava,,,,,,,,,,,,,,,
2026-01-30,202601,1,baba_main,DBJ (Debaj),Guava,,,,,,,,,,,,,,,
2026-01-29,202601,1,nakano,DBJ (Debaj),Guava,,,,,,,,,,,,,,,
2026-01-25,202601,1,baba_2nd,DBJ (Debaj),Guava,,,,,,,,,,,,,,,
2026-01-26,202601,1,office,DBJ (Debaj),Ice Grapefruit,,,,,,,,,,,,,,,
2026-01-30,202601,1,baba_main,DBJ (Debaj),Ice Grapefruit,,,,,,,,,,,,,,,
2026-01-29,202601,1,nakano,DBJ (Debaj),Ice Grapefruit,0,,,,,,,,,,,,,,
2026-01-25,202601,1,baba_2nd,DBJ (Debaj),Ice Grapefruit,,,,,,,,,,,,,,,
2026-01-26,202601,1,office,DBJ (Debaj),Ice Orange Cream,,,,,,,,,,,,,,,
2026-01-30,202601,1,baba_main,DBJ (Debaj),Ice Orange Cream,,,,,,,,,,,,,,,
2026-01-29,202601,1,nakano,DBJ (Debaj),Ice Orange Cream,,,,,,,,,,,,,,,
2026-01-25,202601,1,baba_2nd,DBJ (Debaj),Ice Orange Cream,,,,,,,,,,,,,,,
2026-01-26,202601,1,office,DBJ (Debaj),Milk,,,,,,,,,0,,,,,,
2026-01-30,202601,1,baba_main,DBJ (Debaj),Milk,72,247,,,,,,,,,,,,,
2026-01-29,202601,1,nakano,DBJ (Debaj),Milk,145,0,,,,,,,5,,,,,,
2026-01-25,202601,1,baba_2nd,DBJ (Debaj),Milk,192,175,,,,,,,2,,,,,,
2026-01-26,202601,1,office,DZJ (Dozaj),Cinnamon,,,,,,,,,,,,,,,
2026-01-30,202601,1,baba_main,DZJ (Dozaj),Cinnamon,,,,,,,,,,,,,,,
2026-01-29,202601,1,nakano,DZJ (Dozaj),Cinnamon,,,,,,,,,,,,,,,
2026-01-25,202601,1,baba_2nd,DZJ (Dozaj),Cinnamon,,,,,,,,,,,,,,,
2026-01-26,202601,1,office,DZJ (Dozaj),Dragon Fruits,,,,,,,,,,,,,,,
2026-01-30,202601,1,baba_main,DZJ (Dozaj),Dragon Fruits,,,,,,,,,,,,,,,
2026-01-29,202601,1,nakano,DZJ (Dozaj),Dragon Fruits,,,,,,,,,,,,,,,
2026-01-25,202601,1,baba_2nd,DZJ (Dozaj),Dragon Fruits,,,,,,,,,,,,,,,
2026-01-26,202601,1,office,DZJ (Dozaj),Nesquickly,,,,,,,,,,,,,,,
2026-01-30,202601,1,baba_main,DZJ (Dozaj),Nesquickly,,,,,,,,,,,,,,,
2026-01-29,202601,1,nakano,DZJ (Dozaj),Nesquickly,,,,,,,,,,,,,,,
2026-01-25,202601,1,baba_2nd,DZJ (Dozaj),Nesquickly,,,,,,,,,,,,,,,
2026-01-26,202601,1,office,DZJ (Dozaj),Peanut Butter,,,,,,,,,,,,,,,
2026-01-30,202601,1,baba_main,DZJ (Dozaj),Peanut Butter,,,,,,,,,,,,,,,
2026-01-29,202601,1,nakano,DZJ (Dozaj),Peanut Butter,,,,,,,,,,,,,,,
2026-01-25,202601,1,baba_2nd,DZJ (Dozaj),Peanut Butter,,,,,,,,,,,,,,,
2026-01-26,202601,1,office,FA (Fantasia),Hush Honey,,,,,,,,,,,,,,,
2026-01-30,202601,1,baba_main,FA (Fantasia),Hush Honey,,,,,,,,,,,,,,,
2026-01-29,202601,1,nakano,FA (Fantasia),Hush Honey,0,,,,,,,,,,,,,,
2026-01-25,202601,1,baba_2nd,FA (Fantasia),Hush Honey,0,,,,,,,,,,,,,,
2026-01-26,202601,1,office,FM (Fumari),Banana Custard,,,,,,,,,,,,,,,
2026-01-30,202601,1,baba_main,FM (Fumari),Banana Custard,,,,,,,,,,,,,,,
2026-01-29,202601,1,nakano,FM (Fumari),Banana Custard,0,,,,,,,,,,,,,,
2026-01-25,202601,1,baba_2nd,FM (Fumari),Banana Custard,140,,,,,,,,,,,,,,
2026-01-26,202601,1,office,FM (Fumari),Caramel Kiss,,,,,,,,,,,,,,,
2026-01-30,202601,1,baba_main,FM (Fumari),Caramel Kiss,21,,,,,,,,,,,,,,
2026-01-29,202601,1,nakano,FM (Fumari),Caramel Kiss,,,,,,,,,,,,,,,
2026-01-25,202601,1,baba_2nd,FM (Fumari),Caramel Kiss,,,,,,,,,,,,,,,
2026-01-26,202601,1,office,FM (Fumari),Lemon Mint,,,,,,,,,,,,,,,
2026-01-30,202601,1,baba_main,FM (Fumari),Lemon Mint,0,,,,,,,,,,,,,,
2026-01-29,202601,1,nakano,FM (Fumari),Lemon Mint,75,,,,,,,,,,,,,,
2026-01-25,202601,1,baba_2nd,FM (Fumari),Lemon Mint,,,,,,,,,,,,,,,
2026-01-26,202601,1,office,FM (Fumari),Spiced Chai,,,,,,,,,,6,,,,,
2026-01-30,202601,1,baba_main,FM (Fumari),Spiced Chai,182,,,,,,,,,2,,,,,
2026-01-29,202601,1,nakano,FM (Fumari),Spiced Chai,238,,,,1,,,,,,,,,,
2026-01-25,202601,1,baba_2nd,FM (Fumari),Spiced Chai,126,,,4,,,,,,,,,,,
2026-01-26,202601,1,office,GXM (Gixom),Cheese Cream,,,,,,,,,,,,,,,
2026-01-30,202601,1,baba_main,GXM (Gixom),Cheese Cream,,,,,,,,,,,,,,,
2026-01-29,202601,1,nakano,GXM (Gixom),Cheese Cream,,,,,,,,,,,,,,,
2026-01-25,202601,1,baba_2nd,GXM (Gixom),Cheese Cream,,,,,,,,,,,,,,,
2026-01-26,202601,1,office,GXM (Gixom),Chocolate Milk,,,,,,,,,,,,,,,
2026-01-30,202601,1,baba_main,GXM (Gixom),Chocolate Milk,,,,,,,,,,,,,,,
2026-01-29,202601,1,nakano,GXM (Gixom),Chocolate Milk,,,,,,,,,,,,,,,
2026-01-25,202601,1,baba_2nd,GXM (Gixom),Chocolate Milk,,,,,,,,,,,,,,,
2026-01-26,202601,1,office,GXM (Gixom),Jasmine,,,,,,,,,,,,,,,
2026-01-30,202601,1,baba_main,GXM (Gixom),Jasmine,,,,,,,,,,,,,,,
2026-01-29,202601,1,nakano,GXM (Gixom),Jasmine,,,,,,,,,,,,,,,
2026-01-25,202601,1,baba_2nd,GXM (Gixom),Jasmine,,,,,,,,,,,,,,,
2026-01-26,202601,1,office,GXM (Gixom),Pistachio Ice Cream,,,,,,,,,,,,,,,
2026-01-30,202601,1,baba_main,GXM (Gixom),Pistachio Ice Cream,,,,,,,,,,,,,,,
2026-01-29,202601,1,nakano,GXM (Gixom),Pistachio Ice Cream,,,,,,,,,,,,,,,
2026-01-25,202601,1,baba_2nd,GXM (Gixom),Pistachio Ice Cream,,,,,,,,,,,,,,,
2026-01-26,202601,1,office,GXM (Gixom),Strawberry Yoghurt,,,,,,,,,,,,,,,
2026-01-30,202601,1,baba_main,GXM (Gixom),Strawberry Yoghurt,,,,,,,,,,,,,,,
2026-01-29,202601,1,nakano,GXM (Gixom),Strawberry Yoghurt,,,,,,,,,,,,,,,
2026-01-25,202601,1,baba_2nd,GXM (Gixom),Strawberry Yoghurt,,,,,,,,,,,,,,,
2026-01-26,202601,1,office,GXM (Gixom),Tiramisu,,,,,,,,,,,,,,,
2026-01-30,202601,1,baba_main,GXM (Gixom),Tiramisu,,,,,,,,,,,,,,,
2026-01-29,202601,1,nakano,GXM (Gixom),Tiramisu,,,,,,,,,,,,,,,
2026-01-25,202601,1,baba_2nd,GXM (Gixom),Tiramisu,0,,,,,,,,,,,,,,
2026-01-26,202601,1,office,HF (Hookafina),Blueberry Lemonade,,,,,,,,,,,,,,,
2026-01-30,202601,1,baba_main,HF (Hookafina),Blueberry Lemonade,,,,,,,,,,,,,,,
2026-01-29,202601,1,nakano,HF (Hookafina),Blueberry Lemonade,34,,,2,,,,,,,,,,,
2026-01-25,202601,1,baba_2nd,HF (Hookafina),Blueberry Lemonade,,,,,,,,,,,,,,,
2026-01-26,202601,1,office,HF (Hookafina),Cucumber Lemonade,,,,,,,,,,,,,,,
2026-01-30,202601,1,baba_main,HF (Hookafina),Cucumber Lemonade,,,,,,,,,,,,,,,
2026-01-29,202601,1,nakano,HF (Hookafina),Cucumber Lemonade,33,,,2,,,,,,,,,,,
2026-01-25,202601,1,baba_2nd,HF (Hookafina),Cucumber Lemonade,,,,,,,,,,,,,,,
2026-01-26,202601,1,office,HF (Hookafina),Deja Blu,,,,,,,,,,4,,,,,
2026-01-30,202601,1,baba_main,HF (Hookafina),Deja Blu,,,,,,,,,,,,,,,
2026-01-29,202601,1,nakano,HF (Hookafina),Deja Blu,23,51,,2,,,,,,,,,,,
2026-01-25,202601,1,baba_2nd,HF (Hookafina),Deja Blu,93,,,1,,,,,,,,,,,
2026-01-26,202601,1,office,HF (Hookafina),Double Melon Blast,,,,,,,,,,,,,,,
2026-01-30,202601,1,baba_main,HF (Hookafina),Double Melon Blast,,,,,,,,,,,,,,,
2026-01-29,202601,1,nakano,HF (Hookafina),Double Melon Blast,0,,,,,,,,,,,,,,
2026-01-25,202601,1,baba_2nd,HF (Hookafina),Double Melon Blast,0,,,,,,,,,,,,,,
2026-01-26,202601,1,office,HF (Hookafina),Dragon Fruit,,,,,,,,,,,,,,,
2026-01-30,202601,1,baba_main,HF (Hookafina),Dragon Fruit,,,,,,,,,,,,,,,
2026-01-29,202601,1,nakano,HF (Hookafina),Dragon Fruit,0,,,,,,,,,,,,,,
2026-01-25,202601,1,baba_2nd,HF (Hookafina),Dragon Fruit,,,,,,,,,,,,,,,
2026-01-26,202601,1,office,HF (Hookafina),Grapefruit Mint,,,,,,,,,,,,,,,
2026-01-30,202601,1,baba_main,HF (Hookafina),Grapefruit Mint,,,,,,,,,,,,,,,
2026-01-29,202601,1,nakano,HF (Hookafina),Grapefruit Mint,63,,,,,,,,,,,,,,
2026-01-25,202601,1,baba_2nd,HF (Hookafina),Grapefruit Mint,,,,,,,,,,,,,,,
2026-01-26,202601,1,office,HF (Hookafina),Limeade,,,,,,,,,,,,,,,
2026-01-30,202601,1,baba_main,HF (Hookafina),Limeade,,,,,,,,,,,,,,,
2026-01-29,202601,1,nakano,HF (Hookafina),Limeade,,,,,,,,,,,,,,,
2026-01-25,202601,1,baba_2nd,HF (Hookafina),Limeade,,,,,,,,,,,,,,,
2026-01-26,202601,1,office,HF (Hookafina),Mangolada,,,,,,,,,,,,,,,
2026-01-30,202601,1,baba_main,HF (Hookafina),Mangolada,,,,,,,,,,,,,,,
2026-01-29,202601,1,nakano,HF (Hookafina),Mangolada,87,,,1,,,,,,,,,,,
2026-01-25,202601,1,baba_2nd,HF (Hookafina),Mangolada,25,,,,,,,,,,,,,,
2026-01-26,202601,1,office,HF (Hookafina),Melon Pop,,,,,,,,,,,,,,,
2026-01-30,202601,1,baba_main,HF (Hookafina),Melon Pop,,,,,,,,,,,,,,,
2026-01-29,202601,1,nakano,HF (Hookafina),Melon Pop,0,0,,,,,,,,,,,,,
2026-01-25,202601,1,baba_2nd,HF (Hookafina),Melon Pop,0,,,,,,,,,,,,,,
2026-01-26,202601,1,office,HF (Hookafina),Mint Knockout,,,,,,,,,,,,,,,
2026-01-30,202601,1,baba_main,HF (Hookafina),Mint Knockout,,,,,,,,,,,,,,,
2026-01-29,202601,1,nakano,HF (Hookafina),Mint Knockout,135,,,,,,,,,,,,,,
2026-01-25,202601,1,baba_2nd,HF (Hookafina),Mint Knockout,,,,,,,,,,,,,,,
2026-01-26,202601,1,office,HF (Hookafina),Orange Mint,,,,,,,,,,,,,,,
2026-01-30,202601,1,baba_main,HF (Hookafina),Orange Mint,,,,,,,,,,,,,,,
2026-01-29,202601,1,nakano,HF (Hookafina),Orange Mint,213,,,,,,,,,,,,,,
2026-01-25,202601,1,baba_2nd,HF (Hookafina),Orange Mint,,,,,,,,,,,,,,,
2026-01-26,202601,1,office,HF (Hookafina),Peppermint,,,,,,,,,,8,,,,,
2026-01-30,202601,1,baba_main,HF (Hookafina),Peppermint,,,,,,,,,,,,,,,
2026-01-29,202601,1,nakano,HF (Hookafina),Peppermint,0,,,3,,,,,,,,,,,
2026-01-25,202601,1,baba_2nd,HF (Hookafina),Peppermint,67,,,2,,,,,,6,,,,,
2026-01-26,202601,1,office,HF (Hookafina),Pinkberry,,,,,,,,,,,,,,,
2026-01-30,202601,1,baba_main,HF (Hookafina),Pinkberry,,,,,,,,,,,,,,,
2026-01-29,202601,1,nakano,HF (Hookafina),Pinkberry,,,,,,,,,,,,,,,
2026-01-25,202601,1,baba_2nd,HF (Hookafina),Pinkberry,,,,,,,,,,,,,,,
2026-01-26,202601,1,office,HF (Hookafina),Pink Grapefruit,,,,,,,,,,,,,,,
2026-01-30,202601,1,baba_main,HF (Hookafina),Pink Grapefruit,,,,,,,,,,,,,,,
2026-01-29,202601,1,nakano,HF (Hookafina),Pink Grapefruit,,,,,,,,,,,,,,,
2026-01-25,202601,1,baba_2nd,HF (Hookafina),Pink Grapefruit,,,,,,,,,,,,,,,
2026-01-26,202601,1,office,HF (Hookafina),Salted Caramel Waffle,,,,,,,,,,15,,,,,
2026-01-30,202601,1,baba_main,HF (Hookafina),Salted Caramel Waffle,142,,,,,,,,,10,,,,,
2026-01-29,202601,1,nakano,HF (Hookafina),Salted Caramel Waffle,82,,,2,,,,,,9,,,,,
2026-01-25,202601,1,baba_2nd,HF (Hookafina),Salted Caramel Waffle,33,213,,,,,,,,13,,,,,
2026-01-26,202601,1,office,HF (Hookafina),Spicy Peach,,,,,,,,,,,,,,,
2026-01-30,202601,1,baba_main,HF (Hookafina),Spicy Peach,,,,,,,,,,,,,,,
2026-01-29,202601,1,nakano,HF (Hookafina),Spicy Peach,2,,,,,,,,,,,,,,
2026-01-25,202601,1,baba_2nd,HF (Hookafina),Spicy Peach,,,,,,,,,,,,,,,
2026-01-26,202601,1,office,HF (Hookafina),Strawberry Margarita,,,,,,,,,,,,,,,
2026-01-30,202601,1,baba_main,HF (Hookafina),Strawberry Margarita,,,,,,,,,,,,,,,
2026-01-29,202601,1,nakano,HF (Hookafina),Strawberry Margarita,22,,,3,,,,,,,,,,,
2026-01-25,202601,1,baba_2nd,HF (Hookafina),Strawberry Margarita,71,,,,,,,,,,,,,,
2026-01-26,202601,1,office,HF (Hookafina),Tutti Fruiti,,,,,,,,,,,,,,,
2026-01-30,202601,1,baba_main,HF (Hookafina),Tutti Fruiti,,,,,,,,,,,,,,,
2026-01-29,202601,1,nakano,HF (Hookafina),Tutti Fruiti,,,,,,,,,,,,,,,
2026-01-25,202601,1,baba_2nd,HF (Hookafina),Tutti Fruiti,,,,,,,,,,,,,,,
2026-01-26,202601,1,office,HF (Hookafina),Vanilla Shake,,,,,,,,,,5,,,,,
2026-01-30,202601,1,baba_main,HF (Hookafina),Vanilla Shake,,,,,,,,,,,,,,,
2026-01-29,202601,1,nakano,HF (Hookafina),Vanilla Shake,43,100,,1,,,,,,,,,,,
2026-01-25,202601,1,baba_2nd,HF (Hookafina),Vanilla Shake,30,,,2,,,,,,2,,,,,
2026-01-26,202601,1,office,HF (Hookafina),Watermelon Mint,,,,,,,,,,,,,,,
2026-01-30,202601,1,baba_main,HF (Hookafina),Watermelon Mint,,,,,,,,,,,,,,,
2026-01-29,202601,1,nakano,HF (Hookafina),Watermelon Mint,68,,,,,,,,,,,,,,
2026-01-25,202601,1,baba_2nd,HF (Hookafina),Watermelon Mint,,,,,,,,,,,,,,,
2026-01-26,202601,1,office,MZ (Mazaya),Twist,,,,,,,,,,,,,,,
2026-01-30,202601,1,baba_main,MZ (Mazaya),Twist,120,,,,,,,,,,,,,,
2026-01-29,202601,1,nakano,MZ (Mazaya),Twist,0,,,,,,,,,,,,,,
2026-01-25,202601,1,baba_2nd,MZ (Mazaya),Twist,,,,,,,,,,,,,,,
2026-01-26,202601,1,office,MH (Musthave),Araram,,,,,,,,,,,,,,,
2026-01-30,202601,1,baba_main,MH (Musthave),Araram,39,,,,,,,,,,,,,,
2026-01-29,202601,1,nakano,MH (Musthave),Araram,17,,,,,,,,,,,,,,100
2026-01-25,202601,1,baba_2nd,MH (Musthave),Araram,,,,,,,,,,,,,,,
2026-01-26,202601,1,office,MH (Musthave),Black Currant,,,,,,,,,,,,,,,
2026-01-30,202601,1,baba_main,MH (Musthave),Black Currant,,,,,,,,,,,,,,,
2026-01-29,202601,1,nakano,MH (Musthave),Black Currant,16,,,,,,,,,,,,,,25
2026-01-25,202601,1,baba_2nd,MH (Musthave),Black Currant,,,,,,,,,,,,,,,
2026-01-26,202601,1,office,MH (Musthave),Candy Cow,,,,,,,,,,,,,,,
2026-01-30,202601,1,baba_main,MH (Musthave),Candy Cow,,,,,,,,,,,,,,,
2026-01-29,202601,1,nakano,MH (Musthave),Candy Cow,7,,,,,,,,,,,,,,
2026-01-25,202601,1,baba_2nd,MH (Musthave),Candy Cow,,,,,,,,,,,,,,,
2026-01-26,202601,1,office,MH (Musthave),Caribbean Rum,,,,,,,,,,,,,,,
2026-01-30,202601,1,baba_main,MH (Musthave),Caribbean Rum,,,,,,,,,,,,,,,
2026-01-29,202601,1,nakano,MH (Musthave),Caribbean Rum,,,,,,,,,,,,,,,
2026-01-25,202601,1,baba_2nd,MH (Musthave),Caribbean Rum,,,,,,,,,,,,,,,
2026-01-26,202601,1,office,MH (Musthave),Charlotte Pie,,,,,,,,,,,,,,,
2026-01-30,202601,1,baba_main,MH (Musthave),Charlotte Pie,,,,,,,,,,,,,,,
2026-01-29,202601,1,nakano,MH (Musthave),Charlotte Pie,21,19,,,,,,,,,,,,,75
2026-01-25,202601,1,baba_2nd,MH (Musthave),Charlotte Pie,,,,,,,,,,,,,,,
2026-01-26,202601,1,office,MH (Musthave),Cheesecake,,,,,,,,,,,,,,,
2026-01-30,202601,1,baba_main,MH (Musthave),Cheesecake,,,,,,,,,,,,,,,
2026-01-29,202601,1,nakano,MH (Musthave),Cheesecake,6,,,,,,,,,,,,,,
2026-01-25,202601,1,baba_2nd,MH (Musthave),Cheesecake,,,,,,,,,,,,,,,
2026-01-26,202601,1,office,MH (Musthave),Cherry-Cola,,,,,,,,,,,,,,,
2026-01-30,202601,1,baba_main,MH (Musthave),Cherry-Cola,,,,,,,,,,,,,,,
2026-01-29,202601,1,nakano,MH (Musthave),Cherry-Cola,17,,,,,,,,,,,,,,
2026-01-25,202601,1,baba_2nd,MH (Musthave),Cherry-Cola,23,,,,,,,,,,,,,,
2026-01-26,202601,1,office,MH (Musthave),Cinnamon,,,,,,,,,,,,,,,
2026-01-30,202601,1,baba_main,MH (Musthave),Cinnamon,,,,,,,,,,,,,,,
2026-01-29,202601,1,nakano,MH (Musthave),Cinnamon,4,,,,,,,,,,,,,,25
2026-01-25,202601,1,baba_2nd,MH (Musthave),Cinnamon,,,,,,,,,,,,,,,
2026-01-26,202601,1,office,MH (Musthave),Cookie,,,,,,,,,,,,,,,
2026-01-30,202601,1,baba_main,MH (Musthave),Cookie,,,,,,,,,,,,,,,
2026-01-29,202601,1,nakano,MH (Musthave),Cookie,4,,,,,,,,,,,,,,25
2026-01-25,202601,1,baba_2nd,MH (Musthave),Cookie,,,,,,,,,,,,,,,
2026-01-26,202601,1,office,MH (Musthave),Cranberry,,,,,,,,,,,,,,,
2026-01-30,202601,1,baba_main,MH (Musthave),Cranberry,,,,,,,,,,,,,,,
2026-01-29,202601,1,nakano,MH (Musthave),Cranberry,19,12,,,,,,,,,,,,,25
2026-01-25,202601,1,baba_2nd,MH (Musthave),Cranberry,9,,,,,,,,,,,,,,
2026-01-26,202601,1,office,MH (Musthave),Earl Grey,,,,,,,,,,,,,,,
2026-01-30,202601,1,baba_main,MH (Musthave),Earl Grey,,,,,,,,,,,,,,,
2026-01-29,202601,1,nakano,MH (Musthave),Earl Grey,11,,,,,,,,,,,,,,25
2026-01-25,202601,1,baba_2nd,MH (Musthave),Earl Grey,16,,,,,,,,,,,,,,
2026-01-26,202601,1,office,MH (Musthave),Estragon,,,,,,,,,,,,,,,
2026-01-30,202601,1,baba_main,MH (Musthave),Estragon,,,,,,,,,,,,,,,
2026-01-29,202601,1,nakano,MH (Musthave),Estragon,11,,,,,,,,,,,,,,
2026-01-25,202601,1,baba_2nd,MH (Musthave),Estragon,,,,,,,,,,,,,,,
2026-01-26,202601,1,office,MH (Musthave),Honey Holls,,,,,,,,,,,,,,,
2026-01-30,202601,1,baba_main,MH (Musthave),Honey Holls,,,,,,,,,,,,,,,
2026-01-29,202601,1,nakano,MH (Musthave),Honey Holls,,,,,,,,,,,,,,,
2026-01-25,202601,1,baba_2nd,MH (Musthave),Honey Holls,,,,,,,,,,,,,,,
2026-01-26,202601,1,office,MH (Musthave),Mad Pear,,,,,,,,,,,,,,,
2026-01-30,202601,1,baba_main,MH (Musthave),Mad Pear,,,,,,,,,,,,,,,
2026-01-29,202601,1,nakano,MH (Musthave),Mad Pear,,,,,,,,,,,,,,,
2026-01-25,202601,1,baba_2nd,MH (Musthave),Mad Pear,,,,,,,,,,,,,,,
2026-01-26,202601,1,office,MH (Musthave),Maple Pecan,,,,,,,,,,,,,,,
2026-01-30,202601,1,baba_main,MH (Musthave),Maple Pecan,,,,,,,,,,,,,,,
2026-01-29,202601,1,nakano,MH (Musthave),Maple Pecan,0,,,,,,,,,,,,,,
2026-01-25,202601,1,baba_2nd,MH (Musthave),Maple Pecan,,,,,,,,,,,,,,,
2026-01-26,202601,1,office,MH (Musthave),Marula,,,,,,,,,,,,,,,
2026-01-30,202601,1,baba_main,MH (Musthave),Marula,25,,,,,,,,,,,,,,
2026-01-29,202601,1,nakano,MH (Musthave),Marula,21,5,,,,,,,,,,,,,125
2026-01-25,202601,1,baba_2nd,MH (Musthave),Marula,,,,,,,,,,,,,,,
2026-01-26,202601,1,office,MH (Musthave),Milky Rice,,,,,,,,,,,,,,,
2026-01-30,202601,1,baba_main,MH (Musthave),Milky Rice,,,,,,,,,,,,,,,
2026-01-29,202601,1,nakano,MH (Musthave),Milky Rice,10,,,,,,,,,,,,,,25
2026-01-25,202601,1,baba_2nd,MH (Musthave),Milky Rice,,,,,,,,,,,,,,,
2026-01-26,202601,1,office,MH (Musthave),Morocco,,,,,,,,,,,,,,,
2026-01-30,202601,1,baba_main,MH (Musthave),Morocco,,,,,,,,,,,,,,,
2026-01-29,202601,1,nakano,MH (Musthave),Morocco,5,,,,,,,,,,,,,,50
2026-01-25,202601,1,baba_2nd,MH (Musthave),Morocco,9,,,,,,,,,,,,,,
2026-01-26,202601,1,office,MH (Musthave),Mulled Wine,,,,,,,,,,,,,,,
2026-01-30,202601,1,baba_main,MH (Musthave),Mulled Wine,,,,,,,,,,,,,,,
2026-01-29,202601,1,nakano,MH (Musthave),Mulled Wine,9,,,,,,,,,,,,,,
2026-01-25,202601,1,baba_2nd,MH (Musthave),Mulled Wine,,,,,,,,,,,,,,,
2026-01-26,202601,1,office,MH (Musthave),Nord Star,,,,,,,,,,,,,,,
2026-01-30,202601,1,baba_main,MH (Musthave),Nord Star,12,,,,,,,,,,,,,,
2026-01-29,202601,1,nakano,MH (Musthave),Nord Star,8,,,,,,,,,,,,,,125
2026-01-25,202601,1,baba_2nd,MH (Musthave),Nord Star,,,,,,,,,,,,,,,
2026-01-26,202601,1,office,RV (Revoshi),Biscuit,,,,,,,,,,,,,,,
2026-01-30,202601,1,baba_main,RV (Revoshi),Biscuit,,,,,,,,,,,,,,,
2026-01-29,202601,1,nakano,RV (Revoshi),Biscuit,,,,,,,,,,,,,,,
2026-01-25,202601,1,baba_2nd,RV (Revoshi),Biscuit,,,,,,,,,,,,,,,
2026-01-26,202601,1,office,RV (Revoshi),Black Grape,,,,,,,,,,,,,,,
2026-01-30,202601,1,baba_main,RV (Revoshi),Black Grape,,,,,,,,,,,,,,,
2026-01-29,202601,1,nakano,RV (Revoshi),Black Grape,,,,,,,,,,,,,,,
2026-01-25,202601,1,baba_2nd,RV (Revoshi),Black Grape,,,,,,,,,,,,,,,
2026-01-26,202601,1,office,RV (Revoshi),Double Apple Strong,,,,,,,,,,,,,,,
2026-01-30,202601,1,baba_main,RV (Revoshi),Double Apple Strong,,,,,,,,,,,,,,,
2026-01-29,202601,1,nakano,RV (Revoshi),Double Apple Strong,,,,,,,,,,,,,,,
2026-01-25,202601,1,baba_2nd,RV (Revoshi),Double Apple Strong,,,,,,,,,,,,,,,
2026-01-26,202601,1,office,RV (Revoshi),Eskimo Cola,,,,,,,,,,,,,,,
2026-01-30,202601,1,baba_main,RV (Revoshi),Eskimo Cola,,,,,,,,,,,,,,,
2026-01-29,202601,1,nakano,RV (Revoshi),Eskimo Cola,,,,,,,,,,,,,,,
2026-01-25,202601,1,baba_2nd,RV (Revoshi),Eskimo Cola,,,,,,,,,,,,,,,
2026-01-26,202601,1,office,RV (Revoshi),Eskimo Lemon,,,,,,,,,,,,,,,
2026-01-30,202601,1,baba_main,RV (Revoshi),Eskimo Lemon,,,,,,,,,,,,,,,
2026-01-29,202601,1,nakano,RV (Revoshi),Eskimo Lemon,,,,,,,,,,,,,,,
2026-01-25,202601,1,baba_2nd,RV (Revoshi),Eskimo Lemon,,,,,,,,,,,,,,,
2026-01-26,202601,1,office,RV (Revoshi),Grape,,,,,,,,,,,,,,,
2026-01-30,202601,1,baba_main,RV (Revoshi),Grape,,,,,,,,,,,,,,,
2026-01-29,202601,1,nakano,RV (Revoshi),Grape,,,,,,,,,,,,,,,
2026-01-25,202601,1,baba_2nd,RV (Revoshi),Grape,,,,,,,,,,,,,,,
2026-01-26,202601,1,office,RV (Revoshi),Sweet Pineapple,,,,,,,,,,,,,,,
2026-01-30,202601,1,baba_main,RV (Revoshi),Sweet Pineapple,,,,,,,,,,,,,,,
2026-01-29,202601,1,nakano,RV (Revoshi),Sweet Pineapple,,,,,,,,,,,,,,,
2026-01-25,202601,1,baba_2nd,RV (Revoshi),Sweet Pineapple,0,,,,,,,,,,,,,,
2026-01-26,202601,1,office,SB (Starbuzz/Bold),Blue Mist,,,,,,,,,,,,,,,
2026-01-30,202601,1,baba_main,SB (Starbuzz/Bold),Blue Mist,,,,,,,,,,,,,,,
2026-01-29,202601,1,nakano,SB (Starbuzz/Bold),Blue Mist,,,,,,,,,,,,,,,
2026-01-25,202601,1,baba_2nd,SB (Starbuzz/Bold),Blue Mist,,,,,,,,,,,,,,,
2026-01-26,202601,1,office,SB (Starbuzz/Bold),Geisha,,,,,,,,,,,,,,,
2026-01-30,202601,1,baba_main,SB (Starbuzz/Bold),Geisha,19,,,,,,,,,,,,,,
2026-01-29,202601,1,nakano,SB (Starbuzz/Bold),Geisha,65,,,,,,,,,,,,,,
2026-01-25,202601,1,baba_2nd,SB (Starbuzz/Bold),Geisha,,,,,,,,,,,,,,,
2026-01-26,202601,1,office,SB (Starbuzz/Bold),Lebanese Bomb Shell,,,,,,,,,,,,,6,,
2026-01-30,202601,1,baba_main,SB (Starbuzz/Bold),Lebanese Bomb Shell,76,,,,,,,,,,,,2,,
2026-01-29,202601,1,nakano,SB (Starbuzz/Bold),Lebanese Bomb Shell,297,,,,,,,,,,,,1,,
2026-01-25,202601,1,baba_2nd,SB (Starbuzz/Bold),Lebanese Bomb Shell,248,241,,,,,,,,,,,1,,
2026-01-26,202601,1,office,SB (Starbuzz/Bold),Pirate'S Cave,,,,,,,,,,,,,,,
2026-01-30,202601,1,baba_main,SB (Starbuzz/Bold),Pirate'S Cave,246,,,,,,,,,,,,,,
2026-01-29,202601,1,nakano,SB (Starbuzz/Bold),Pirate'S Cave,191,,,,,,,,,,,,1,,
2026-01-25,202601,1,baba_2nd,SB (Starbuzz/Bold),Pirate'S Cave,,,,,,,,,,,,,,,
2026-01-26,202601,1,office,SB (Starbuzz/Bold),Safari Melon Dew,,,,,,,,,,,,,,,
2026-01-30,202601,1,baba_main,SB (Starbuzz/Bold),Safari Melon Dew,,,,,,,,,,,,,,,
2026-01-29,202601,1,nakano,SB (Starbuzz/Bold),Safari Melon Dew,119,,,,,,,,,,,,,,
2026-01-25,202601,1,baba_2nd,SB (Starbuzz/Bold),Safari Melon Dew,209,,,,,,,,,,,,,,
2026-01-26,202601,1,office,SS (Social Smoke),Absolute Zero,,,,,,,,,,,,,,,
2026-01-30,202601,1,baba_main,SS (Social Smoke),Absolute Zero,,,,,,,,,,,,,,,
2026-01-29,202601,1,nakano,SS (Social Smoke),Absolute Zero,,,,,,,,,,,,,,,
2026-01-25,202601,1,baba_2nd,SS (Social Smoke),Absolute Zero,192,,,,,,,,,,,,,,
2026-01-26,202601,1,office,SS (Social Smoke),Chai Latte,,,,,,,,,,,,,,,
2026-01-30,202601,1,baba_main,SS (Social Smoke),Chai Latte,,,,,,,,,,,,,,,
2026-01-29,202601,1,nakano,SS (Social Smoke),Chai Latte,0,,,,,,,,,,,,,,
2026-01-25,202601,1,baba_2nd,SS (Social Smoke),Chai Latte,,,,,,,,,,,,,,,
2026-01-26,202601,1,office,SS (Social Smoke),Cinnamon Roll,,,,,,,,,,,,,,,
2026-01-30,202601,1,baba_main,SS (Social Smoke),Cinnamon Roll,,,,,,,,,,,,,,,
2026-01-29,202601,1,nakano,SS (Social Smoke),Cinnamon Roll,157,,,,,,,,,,,,,,803
2026-01-25,202601,1,baba_2nd,SS (Social Smoke),Cinnamon Roll,,,,,,,,,,,,,,,
2026-01-26,202601,1,office,SS (Social Smoke),Dulce De Leche,,,,,,,,,,,,,,,
2026-01-30,202601,1,baba_main,SS (Social Smoke),Dulce De Leche,,,,,,,,,,,,,,,
2026-01-29,202601,1,nakano,SS (Social Smoke),Dulce De Leche,0,,,,,,,,,,,,,,
2026-01-25,202601,1,baba_2nd,SS (Social Smoke),Dulce De Leche,,,,,,,,,,,,,,,
2026-01-26,202601,1,office,SS (Social Smoke),Golden Delicious Apple,,,,,,,,,,,,,,,
2026-01-30,202601,1,baba_main,SS (Social Smoke),Golden Delicious Apple,,,,,,,,,,,,,,,
2026-01-29,202601,1,nakano,SS (Social Smoke),Golden Delicious Apple,,,,,,,,,,,,,,,
2026-01-25,202601,1,baba_2nd,SS (Social Smoke),Golden Delicious Apple,,,,,,,,,,,,,,,
2026-01-26,202601,1,office,SS (Social Smoke),Hong Kong Milk Tea,,,,,,,,,,,,,,,
2026-01-30,202601,1,baba_main,SS (Social Smoke),Hong Kong Milk Tea,103,,,,,,,,,,,,,,
2026-01-29,202601,1,nakano,SS (Social Smoke),Hong Kong Milk Tea,167,,,,,,,,,,,,,,339
2026-01-25,202601,1,baba_2nd,SS (Social Smoke),Hong Kong Milk Tea,87,,,,,,,,,,,,,,
2026-01-26,202601,1,office,SS (Social Smoke),Japanese Yuzu,,,,,,,,,,,,,,,
2026-01-30,202601,1,baba_main,SS (Social Smoke),Japanese Yuzu,,,,,,,,,,,,,,,
2026-01-29,202601,1,nakano,SS (Social Smoke),Japanese Yuzu,0,,,,,,,,,,,,,,
2026-01-25,202601,1,baba_2nd,SS (Social Smoke),Japanese Yuzu,,,,,,,,,,,,,,,
2026-01-26,202601,1,office,SS (Social Smoke),Lemon Drop,,,,,,,,,,,,,,,
2026-01-30,202601,1,baba_main,SS (Social Smoke),Lemon Drop,,,,,,,,,,,,,,,
2026-01-29,202601,1,nakano,SS (Social Smoke),Lemon Drop,,,,,,,,,,,,,,,
2026-01-25,202601,1,baba_2nd,SS (Social Smoke),Lemon Drop,,,,,,,,,,,,,,,
2026-01-26,202601,1,office,SS (Social Smoke),Pear Chill,,,,,,,,,,,,,,,
2026-01-30,202601,1,baba_main,SS (Social Smoke),Pear Chill,,,,,,,,,,,,,,,
2026-01-29,202601,1,nakano,SS (Social Smoke),Pear Chill,0,,,,,,,,,,,,,,
2026-01-25,202601,1,baba_2nd,SS (Social Smoke),Pear Chill,269,,,,,,,,,,,,,,
2026-01-26,202601,1,office,TF (Trifecta),Lemon Mint,,,,,,,,,,,,,,,
2026-01-30,202601,1,baba_main,TF (Trifecta),Lemon Mint,,,,,,,,,,,,,,,
2026-01-29,202601,1,nakano,TF (Trifecta),Lemon Mint,,,,,,,,,,,,,,,
2026-01-25,202601,1,baba_2nd,TF (Trifecta),Lemon Mint,,,,,,,,,,,,,,,
2026-01-26,202601,1,office,TF (Trifecta),Nawar,,,,,,,,,,,,,9,,
2026-01-30,202601,1,baba_main,TF (Trifecta),Nawar,226,,,,,,,,,,,,2,,
2026-01-29,202601,1,nakano,TF (Trifecta),Nawar,224,,,,,,,,,,,,3,,
2026-01-25,202601,1,baba_2nd,TF (Trifecta),Nawar,313,,,,,,,,,,,,1,,
2026-01-26,202601,1,office,TF (Trifecta),Peppermint Shake,,,,,,,,,,,,,,,
2026-01-30,202601,1,baba_main,TF (Trifecta),Peppermint Shake,,,,,,,,,,,,,,,
2026-01-29,202601,1,nakano,TF (Trifecta),Peppermint Shake,,,,,,,,,,,,,,,
2026-01-25,202601,1,baba_2nd,TF (Trifecta),Peppermint Shake,,,,,,,,,,,,,,,
2026-01-26,202601,1,office,TF (Trifecta),Pineapple Guava,,,,,,,,,,,,,,,
2026-01-30,202601,1,baba_main,TF (Trifecta),Pineapple Guava,,,,,,,,,,,,,,,
2026-01-29,202601,1,nakano,TF (Trifecta),Pineapple Guava,0,,,,,,,,,,,,,,
2026-01-25,202601,1,baba_2nd,TF (Trifecta),Pineapple Guava,,,,,,,,,,,,,,,
2026-01-26,202601,1,office,TF (Trifecta),Tnt,,,,,,,,,,,,,,,
2026-01-30,202601,1,baba_main,TF (Trifecta),Tnt,,,,,,,,,,,,,,,
2026-01-29,202601,1,nakano,TF (Trifecta),Tnt,0,,,,,,,,,,,,,,
2026-01-25,202601,1,baba_2nd,TF (Trifecta),Tnt,176,,,,,,,,,,,,,,
2026-01-26,202601,1,office,TF (Trifecta),Twice The Ice X,,,,,,,,,,,,,,,
2026-01-30,202601,1,baba_main,TF (Trifecta),Twice The Ice X,,,,,,,,,,,,,,,
2026-01-29,202601,1,nakano,TF (Trifecta),Twice The Ice X,,,,,,,,,,,,,,,
2026-01-25,202601,1,baba_2nd,TF (Trifecta),Twice The Ice X,,,,,,,,,,,,,,,
2026-01-26,202601,1,office,TG NOIR (Tangiers Noir),Absinthe,,,,,,,,,,,,,,,
2026-01-30,202601,1,baba_main,TG NOIR (Tangiers Noir),Absinthe,183,,,,,,,,,,,,,,
2026-01-29,202601,1,nakano,TG NOIR (Tangiers Noir),Absinthe,,,,,,,,,,,,,,,
2026-01-25,202601,1,baba_2nd,TG NOIR (Tangiers Noir),Absinthe,,,,,,,,,,,,,,,
2026-01-26,202601,1,office,TG BURLEY (Tangiers Burley),Absinthe (Burley),,,,,,,,,,,,,,,
2026-01-30,202601,1,baba_main,TG BURLEY (Tangiers Burley),Absinthe (Burley),0,,,,,,,,,,,,,,
2026-01-29,202601,1,nakano,TG BURLEY (Tangiers Burley),Absinthe (Burley),,,,,,,,,,,,,,,
2026-01-25,202601,1,baba_2nd,TG BURLEY (Tangiers Burley),Absinthe (Burley),,,,,,,,,,,,,,,
2026-01-26,202601,1,office,TG NOIR (Tangiers Noir),Apricot Spring Blend,,,,,,,,,,,,,,,
2026-01-30,202601,1,baba_main,TG NOIR (Tangiers Noir),Apricot Spring Blend,161,,,,,,,,,,,,,,
2026-01-29,202601,1,nakano,TG NOIR (Tangiers Noir),Apricot Spring Blend,,,,,,,,,,,,,,,
2026-01-25,202601,1,baba_2nd,TG NOIR (Tangiers Noir),Apricot Spring Blend,,,,,,,,,,,,,,,
2026-01-26,202601,1,office,TG NOIR (Tangiers Noir),Atmosphere,,,,,,,,,,,,,,,
2026-01-30,202601,1,baba_main,TG NOIR (Tangiers Noir),Atmosphere,0,,,,,,,,,,,,,,
2026-01-29,202601,1,nakano,TG NOIR (Tangiers Noir),Atmosphere,,,,,,,,,,,,,,,
2026-01-25,202601,1,baba_2nd,TG NOIR (Tangiers Noir),Atmosphere,,,,,,,,,,,,,,,
2026-01-26,202601,1,office,TG NOIR (Tangiers Noir),Bacon,,,,,,,,,,,,,2,,
2026-01-30,202601,1,baba_main,TG NOIR (Tangiers Noir),Bacon,,,,,,,,,,,,,,,
2026-01-29,202601,1,nakano,TG NOIR (Tangiers Noir),Bacon,,,,,,,,,,,,,,,
2026-01-25,202601,1,baba_2nd,TG NOIR (Tangiers Noir),Bacon,,,,,,,,,,,,,,,
2026-01-26,202601,1,office,TG NOIR (Tangiers Noir),Banana Foster,,,,,,,,,,37,,,,,
2026-01-30,202601,1,baba_main,TG NOIR (Tangiers Noir),Banana Foster,204,,,,,,,,,2,,,,,
2026-01-29,202601,1,nakano,TG NOIR (Tangiers Noir),Banana Foster,,,,,,,,,,,,,,,
2026-01-25,202601,1,baba_2nd,TG NOIR (Tangiers Noir),Banana Foster,,,,,,,,,,,,,,,
2026-01-26,202601,1,office,TG NOIR (Tangiers Noir),Basil Strawberry,,,,,,,,,,,,,,,
2026-01-30,202601,1,baba_main,TG NOIR (Tangiers Noir),Basil Strawberry,216,,,,,,,,,,,,,,
2026-01-29,202601,1,nakano,TG NOIR (Tangiers Noir),Basil Strawberry,,,,,,,,,,,,,,,
2026-01-25,202601,1,baba_2nd,TG NOIR (Tangiers Noir),Basil Strawberry,,,,,,,,,,,,,,,
2026-01-26,202601,1,office,TG NOIR (Tangiers Noir),Blackberry Lime,,,,,,,,,,,,,,,
2026-01-30,202601,1,baba_main,TG NOIR (Tangiers Noir),Blackberry Lime,0,,,,,,,,,,,,,,
2026-01-29,202601,1,nakano,TG NOIR (Tangiers Noir),Blackberry Lime,,,,,,,,,,,,,,,
2026-01-25,202601,1,baba_2nd,TG NOIR (Tangiers Noir),Blackberry Lime,,,,,,,,,,,,,,,
2026-01-26,202601,1,office,TG NOIR (Tangiers Noir),Blizsturm,,,,,,,,,,,,,,,
2026-01-30,202601,1,baba_main,TG NOIR (Tangiers Noir),Blizsturm,,,,,,,,,,,,,,,
2026-01-29,202601,1,nakano,TG NOIR (Tangiers Noir),Blizsturm,,,,,,,,,,,,,,,
2026-01-25,202601,1,baba_2nd,TG NOIR (Tangiers Noir),Blizsturm,,,,,,,,,,,,,,,
2026-01-26,202601,1,office,TG NOIR (Tangiers Noir),Blueberry,,,,,,,,,,,,,,,
2026-01-30,202601,1,baba_main,TG NOIR (Tangiers Noir),Blueberry,203,,,,,,,,,,,,,,
2026-01-29,202601,1,nakano,TG NOIR (Tangiers Noir),Blueberry,,,,,,,,,,,,,,,
2026-01-25,202601,1,baba_2nd,TG NOIR (Tangiers Noir),Blueberry,,,,,,,,,,,,,,,
2026-01-26,202601,1,office,TG NOIR (Tangiers Noir),Blueberry Grapefruit,,,,,,,,,,,,,,,
2026-01-30,202601,1,baba_main,TG NOIR (Tangiers Noir),Blueberry Grapefruit,,,,,,,,,,,,,,,
2026-01-29,202601,1,nakano,TG NOIR (Tangiers Noir),Blueberry Grapefruit,,,,,,,,,,,,,,,
2026-01-25,202601,1,baba_2nd,TG NOIR (Tangiers Noir),Blueberry Grapefruit,,,,,,,,,,,,,,,
2026-01-26,202601,1,office,TG NOIR (Tangiers Noir),Bubble Gum,,,,,,,,,,6,,,,,
2026-01-30,202601,1,baba_main,TG NOIR (Tangiers Noir),Bubble Gum,13,,,,,,,,,,,,,,
2026-01-29,202601,1,nakano,TG NOIR (Tangiers Noir),Bubble Gum,,,,,,,,,,,,,,,
2026-01-25,202601,1,baba_2nd,TG NOIR (Tangiers Noir),Bubble Gum,,,,,,,,,,,,,,,
2026-01-26,202601,1,office,TG NOIR (Tangiers Noir),Cactus Fruit,,,,,,,,,,,,,,,
2026-01-30,202601,1,baba_main,TG NOIR (Tangiers Noir),Cactus Fruit,32,,,,,,,,,,,,,,
2026-01-29,202601,1,nakano,TG NOIR (Tangiers Noir),Cactus Fruit,,,,,,,,,,,,,,,
2026-01-25,202601,1,baba_2nd,TG NOIR (Tangiers Noir),Cactus Fruit,,,,,,,,,,,,,,,
2026-01-26,202601,1,office,TG NOIR (Tangiers Noir),Cane Mint,,,,,,,,,,105,,,,,
2026-01-30,202601,1,baba_main,TG NOIR (Tangiers Noir),Cane Mint,211,243,,,,,,,,1,,,,,
2026-01-29,202601,1,nakano,TG NOIR (Tangiers Noir),Cane Mint,62,0,,,,,,,,7,,,,,
2026-01-25,202601,1,baba_2nd,TG NOIR (Tangiers Noir),Cane Mint,110,225,,,,,,,,4,,,,,
2026-01-26,202601,1,office,TG BURLEY (Tangiers Burley),Cane Mint (Burley),,,,,,,,,,44,,,,,
2026-01-30,202601,1,baba_main,TG BURLEY (Tangiers Burley),Cane Mint (Burley),128,,,,,,,,,,,,,,
2026-01-29,202601,1,nakano,TG BURLEY (Tangiers Burley),Cane Mint (Burley),,,,,,,,,,,,,,,
2026-01-25,202601,1,baba_2nd,TG BURLEY (Tangiers Burley),Cane Mint (Burley),,,,,,,,,,,,,,,
2026-01-26,202601,1,office,TG NOIR (Tangiers Noir),Cane Mint Alpha,,,,,,,,,,38,,,,,
2026-01-30,202601,1,baba_main,TG NOIR (Tangiers Noir),Cane Mint Alpha,60,225,,,,,,,,14,,,,,
2026-01-29,202601,1,nakano,TG NOIR (Tangiers Noir),Cane Mint Alpha,52,,,,,,,,,16,,,,,
2026-01-25,202601,1,baba_2nd,TG NOIR (Tangiers Noir),Cane Mint Alpha,131,,,,,,,,,17,,,,,
2026-01-26,202601,1,office,TG BURLEY (Tangiers Burley),Cane Mint Alpha (Burley),,,,,,,,,,,,,,,
2026-01-30,202601,1,baba_main,TG BURLEY (Tangiers Burley),Cane Mint Alpha (Burley),,,,,,,,,,,,,,,
2026-01-29,202601,1,nakano,TG BURLEY (Tangiers Burley),Cane Mint Alpha (Burley),,,,,,,,,,,,,,,
2026-01-25,202601,1,baba_2nd,TG BURLEY (Tangiers Burley),Cane Mint Alpha (Burley),,,,,,,,,,,,,,,
2026-01-26,202601,1,office,TG NOIR (Tangiers Noir),Caramel Apple,,,,,,,,,,4,,,,,
2026-01-30,202601,1,baba_main,TG NOIR (Tangiers Noir),Caramel Apple,95,,,,,,,,,,,,,,
2026-01-29,202601,1,nakano,TG NOIR (Tangiers Noir),Caramel Apple,,,,,,,,,,,,,,,
2026-01-25,202601,1,baba_2nd,TG NOIR (Tangiers Noir),Caramel Apple,,,,,,,,,,,,,,,
2026-01-26,202601,1,office,TG NOIR (Tangiers Noir),Cardamom Cheesecake,,,,,,,,,,,,,,,
2026-01-30,202601,1,baba_main,TG NOIR (Tangiers Noir),Cardamom Cheesecake,103,,,,,,,,,,,,,,
2026-01-29,202601,1,nakano,TG NOIR (Tangiers Noir),Cardamom Cheesecake,,,,,,,,,,,,,,,
2026-01-25,202601,1,baba_2nd,TG NOIR (Tangiers Noir),Cardamom Cheesecake,,,,,,,,,,,,,,,
2026-01-26,202601,1,office,TG NOIR (Tangiers Noir),Chai,,,,,,,,,,,,,,,
2026-01-30,202601,1,baba_main,TG NOIR (Tangiers Noir),Chai,52,,,,,,,,,,,,,,
2026-01-29,202601,1,nakano,TG NOIR (Tangiers Noir),Chai,,,,,,,,,,,,,,,
2026-01-25,202601,1,baba_2nd,TG NOIR (Tangiers Noir),Chai,,,,,,,,,,,,,,,
2026-01-26,202601,1,office,TG NOIR (Tangiers Noir),Cherry Lemonade,,,,,,,,,,,,,,,
2026-01-30,202601,1,baba_main,TG NOIR (Tangiers Noir),Cherry Lemonade,,,,,,,,,,,,,,,
2026-01-29,202601,1,nakano,TG NOIR (Tangiers Noir),Cherry Lemonade,,,,,,,,,,,,,,,
2026-01-25,202601,1,baba_2nd,TG NOIR (Tangiers Noir),Cherry Lemonade,,,,,,,,,,,,,,,
2026-01-26,202601,1,office,TG NOIR (Tangiers Noir),Cherry Limeade,,,,,,,,,,28,,,,,
2026-01-30,202601,1,baba_main,TG NOIR (Tangiers Noir),Cherry Limeade,62,,,,,,,,,2,,,,,
2026-01-29,202601,1,nakano,TG NOIR (Tangiers Noir),Cherry Limeade,194,,,,,,,,,,,,,,
2026-01-25,202601,1,baba_2nd,TG NOIR (Tangiers Noir),Cherry Limeade,162,,,,,,,,,1,,,,,
2026-01-26,202601,1,office,TG NOIR (Tangiers Noir),Chocolate Iced Cream,,,,,,,,,,,,,2,,
2026-01-30,202601,1,baba_main,TG NOIR (Tangiers Noir),Chocolate Iced Cream,181,,,,,,,,,1,,,,,
2026-01-29,202601,1,nakano,TG NOIR (Tangiers Noir),Chocolate Iced Cream,223,,,,,,,,,,,,,,
2026-01-25,202601,1,baba_2nd,TG NOIR (Tangiers Noir),Chocolate Iced Cream,191,,,,,,,,,,,,,,
2026-01-26,202601,1,office,TG NOIR (Tangiers Noir),Cinnamon,,,,,,,,,,,,,,,
2026-01-30,202601,1,baba_main,TG NOIR (Tangiers Noir),Cinnamon,243,,,,,,,,,,,,,,
2026-01-29,202601,1,nakano,TG NOIR (Tangiers Noir),Cinnamon,,,,,,,,,,,,,,,
2026-01-25,202601,1,baba_2nd,TG NOIR (Tangiers Noir),Cinnamon,,,,,,,,,,,,,,,
2026-01-26,202601,1,office,TG NOIR (Tangiers Noir),Clove,,,,,,,,,,1,,,,,
2026-01-30,202601,1,baba_main,TG NOIR (Tangiers Noir),Clove,235,,,,,,,,,,,,1,,
2026-01-29,202601,1,nakano,TG NOIR (Tangiers Noir),Clove,,,,,,,,,,,,,,,
2026-01-25,202601,1,baba_2nd,TG NOIR (Tangiers Noir),Clove,,,,,,,,,,,,,,,
2026-01-26,202601,1,office,TG NOIR (Tangiers Noir),Cocoa,,,,,,,,,,,,,,,
2026-01-30,202601,1,baba_main,TG NOIR (Tangiers Noir),Cocoa,,,,,,,,,,,,,,,
2026-01-29,202601,1,nakano,TG NOIR (Tangiers Noir),Cocoa,,,,,,,,,,,,,,,
2026-01-25,202601,1,baba_2nd,TG NOIR (Tangiers Noir),Cocoa,,,,,,,,,,,,,,,
2026-01-26,202601,1,office,TG NOIR (Tangiers Noir),Coconut,,,,,,,,,,3,,,2,,
2026-01-30,202601,1,baba_main,TG NOIR (Tangiers Noir),Coconut,75,,,,,,,,,2,,,,,
2026-01-29,202601,1,nakano,TG NOIR (Tangiers Noir),Coconut,,,,,,,,,,,,,,,
2026-01-25,202601,1,baba_2nd,TG NOIR (Tangiers Noir),Coconut,17,,,,,,,,,,,,,,
2026-01-26,202601,1,office,TG NOIR (Tangiers Noir),Cookie Dough,,,,,,,,,,,,,,,
2026-01-30,202601,1,baba_main,TG NOIR (Tangiers Noir),Cookie Dough,227,,,,,,,,,,,,,,
2026-01-29,202601,1,nakano,TG NOIR (Tangiers Noir),Cookie Dough,,,,,,,,,,,,,,,
2026-01-25,202601,1,baba_2nd,TG NOIR (Tangiers Noir),Cookie Dough,,,,,,,,,,,,,,,
2026-01-26,202601,1,office,TG NOIR (Tangiers Noir),Cool Strawberry,,,,,,,,,,,,,,,
2026-01-30,202601,1,baba_main,TG NOIR (Tangiers Noir),Cool Strawberry,,,,,,,,,,,,,,,
2026-01-29,202601,1,nakano,TG NOIR (Tangiers Noir),Cool Strawberry,,,,,,,,,,,,,,,
2026-01-25,202601,1,baba_2nd,TG NOIR (Tangiers Noir),Cool Strawberry,,,,,,,,,,,,,,,
2026-01-26,202601,1,office,TG NOIR (Tangiers Noir),Cooling,,,,,,,,,,11,,,,,
2026-01-30,202601,1,baba_main,TG NOIR (Tangiers Noir),Cooling,174,,,,,,,,,1,,,,,
2026-01-29,202601,1,nakano,TG NOIR (Tangiers Noir),Cooling,118,,,,,,,,,,,,,,
2026-01-25,202601,1,baba_2nd,TG NOIR (Tangiers Noir),Cooling,165,,,,,,,,,,,,,,
2026-01-26,202601,1,office,TG NOIR (Tangiers Noir),Dark Cherry,,,,,,,,,,0,,,,,
2026-01-30,202601,1,baba_main,TG NOIR (Tangiers Noir),Dark Cherry,110,,,,,,,,,,,,,,
2026-01-29,202601,1,nakano,TG NOIR (Tangiers Noir),Dark Cherry,,,,,,,,,,,,,,,
2026-01-25,202601,1,baba_2nd,TG NOIR (Tangiers Noir),Dark Cherry,,,,,,,,,,,,,,,
2026-01-26,202601,1,office,TG NOIR (Tangiers Noir),Double Orange,,,,,,,,,,,,,,,
2026-01-30,202601,1,baba_main,TG NOIR (Tangiers Noir),Double Orange,,,,,,,,,,,,,,,
2026-01-29,202601,1,nakano,TG NOIR (Tangiers Noir),Double Orange,,,,,,,,,,,,,,,
2026-01-25,202601,1,baba_2nd,TG NOIR (Tangiers Noir),Double Orange,,,,,,,,,,,,,,,
2026-01-26,202601,1,office,TG NOIR (Tangiers Noir),Eric'S Mango,,,,,,,,,,28,,,,,
2026-01-30,202601,1,baba_main,TG NOIR (Tangiers Noir),Eric'S Mango,49,216,,,,,,,,6,,,,,
2026-01-29,202601,1,nakano,TG NOIR (Tangiers Noir),Eric'S Mango,,,,,,,,,,,,,,,
2026-01-25,202601,1,baba_2nd,TG NOIR (Tangiers Noir),Eric'S Mango,,,,,,,,,,,,,,,
2026-01-26,202601,1,office,TG NOIR (Tangiers Noir),Experimint,,,,,,,,,,,,,,,
2026-01-30,202601,1,baba_main,TG NOIR (Tangiers Noir),Experimint,,,,,,,,,,,,,,,
2026-01-29,202601,1,nakano,TG NOIR (Tangiers Noir),Experimint,,,,,,,,,,,,,,,
2026-01-25,202601,1,baba_2nd,TG NOIR (Tangiers Noir),Experimint,,,,,,,,,,,,,,,
2026-01-26,202601,1,office,TG NOIR (Tangiers Noir),Extreme Cane Mint,,,,,,,,,,,,,,,
2026-01-30,202601,1,baba_main,TG NOIR (Tangiers Noir),Extreme Cane Mint,,,,,,,,,,,,,,,
2026-01-29,202601,1,nakano,TG NOIR (Tangiers Noir),Extreme Cane Mint,,,,,,,,,,,,,,,
2026-01-25,202601,1,baba_2nd,TG NOIR (Tangiers Noir),Extreme Cane Mint,,,,,,,,,,,,,,,
2026-01-26,202601,1,office,TG NOIR (Tangiers Noir),Extreme Experimint,,,,,,,,,,,,,,,
2026-01-30,202601,1,baba_main,TG NOIR (Tangiers Noir),Extreme Experimint,126,,,,,,,,,,,,1,,
2026-01-29,202601,1,nakano,TG NOIR (Tangiers Noir),Extreme Experimint,,,,,,,,,,,,,,,
2026-01-25,202601,1,baba_2nd,TG NOIR (Tangiers Noir),Extreme Experimint,,,,,,,,,,,,,,,
2026-01-26,202601,1,office,TG NOIR (Tangiers Noir),Forbidden Fruit,,,,,,,,,,,,,2,,
2026-01-30,202601,1,baba_main,TG NOIR (Tangiers Noir),Forbidden Fruit,10,,,,,,,,,,,,,,
2026-01-29,202601,1,nakano,TG NOIR (Tangiers Noir),Forbidden Fruit,,,,,,,,,,,,,,,
2026-01-25,202601,1,baba_2nd,TG NOIR (Tangiers Noir),Forbidden Fruit,,,,,,,,,,,,,,,
2026-01-26,202601,1,office,TG NOIR (Tangiers Noir),Foreplay On The Peach,,,,,,,,,,21,,,,,
2026-01-30,202601,1,baba_main,TG NOIR (Tangiers Noir),Foreplay On The Peach,118,,,,,,,,,1,,,,,
2026-01-29,202601,1,nakano,TG NOIR (Tangiers Noir),Foreplay On The Peach,120,,,,,,,,,,,,,,
2026-01-25,202601,1,baba_2nd,TG NOIR (Tangiers Noir),Foreplay On The Peach,140,,,,,,,,,,,,,,
2026-01-26,202601,1,office,TG BIRQUQ (Tangiers Birquq),Foreplay On The Peach (Birquq),,,,,,,,,,,,,,,
2026-01-30,202601,1,baba_main,TG BIRQUQ (Tangiers Birquq),Foreplay On The Peach (Birquq),42,,,,,,,,,,,,,,
2026-01-29,202601,1,nakano,TG BIRQUQ (Tangiers Birquq),Foreplay On The Peach (Birquq),0,,,,,,,,,,,,,,
2026-01-25,202601,1,baba_2nd,TG BIRQUQ (Tangiers Birquq),Foreplay On The Peach (Birquq),,,,,,,,,,,,,,,
2026-01-26,202601,1,office,TG NOIR (Tangiers Noir),Ginger Pear,,,,,,,,,,,,,1,,
2026-01-30,202601,1,baba_main,TG NOIR (Tangiers Noir),Ginger Pear,132,,,,,,,,,,,,,,
2026-01-29,202601,1,nakano,TG NOIR (Tangiers Noir),Ginger Pear,,,,,,,,,,,,,,,
2026-01-25,202601,1,baba_2nd,TG NOIR (Tangiers Noir),Ginger Pear,,,,,,,,,,,,,,,
2026-01-26,202601,1,office,TG NOIR (Tangiers Noir),Grapefruit,,,,,,,,,,,,,,,
2026-01-30,202601,1,baba_main,TG NOIR (Tangiers Noir),Grapefruit,,,,,,,,,,,,,,,
2026-01-29,202601,1,nakano,TG NOIR (Tangiers Noir),Grapefruit,,,,,,,,,,,,,,,
2026-01-25,202601,1,baba_2nd,TG NOIR (Tangiers Noir),Grapefruit,,,,,,,,,,,,,,,
2026-01-26,202601,1,office,TG NOIR (Tangiers Noir),Green Apple Stuff,,,,,,,,,,,,,,,
2026-01-30,202601,1,baba_main,TG NOIR (Tangiers Noir),Green Apple Stuff,146,,,,,,,,,,,,,,
2026-01-29,202601,1,nakano,TG NOIR (Tangiers Noir),Green Apple Stuff,,,,,,,,,,,,,,,
2026-01-25,202601,1,baba_2nd,TG NOIR (Tangiers Noir),Green Apple Stuff,,,,,,,,,,,,,,,
2026-01-26,202601,1,office,TG NOIR (Tangiers Noir),Green Apple Tea,,,,,,,,,,,,,,,
2026-01-30,202601,1,baba_main,TG NOIR (Tangiers Noir),Green Apple Tea,,,,,,,,,,,,,,,
2026-01-29,202601,1,nakano,TG NOIR (Tangiers Noir),Green Apple Tea,,,,,,,,,,,,,,,
2026-01-25,202601,1,baba_2nd,TG NOIR (Tangiers Noir),Green Apple Tea,,,,,,,,,,,,,,,
2026-01-26,202601,1,office,TG NOIR (Tangiers Noir),Green Tea,,,,,,,,,,,,,,,
2026-01-30,202601,1,baba_main,TG NOIR (Tangiers Noir),Green Tea,25,,,,,,,,,,,,,,
2026-01-29,202601,1,nakano,TG NOIR (Tangiers Noir),Green Tea,,,,,,,,,,,,,,,
2026-01-25,202601,1,baba_2nd,TG NOIR (Tangiers Noir),Green Tea,,,,,,,,,,,,,,,
2026-01-26,202601,1,office,TG NOIR (Tangiers Noir),Guanabana,,,,,,,,,,,,,,,
2026-01-30,202601,1,baba_main,TG NOIR (Tangiers Noir),Guanabana,33,,,,,,,,,,,,,,
2026-01-29,202601,1,nakano,TG NOIR (Tangiers Noir),Guanabana,,,,,,,,,,,,,,,
2026-01-25,202601,1,baba_2nd,TG NOIR (Tangiers Noir),Guanabana,,,,,,,,,,,,,,,
2026-01-26,202601,1,office,TG NOIR (Tangiers Noir),Hacitraegas,,,,,,,,,,,,,,,
2026-01-30,202601,1,baba_main,TG NOIR (Tangiers Noir),Hacitraegas,,,,,,,,,,,,,,,
2026-01-29,202601,1,nakano,TG NOIR (Tangiers Noir),Hacitraegas,,,,,,,,,,,,,,,
2026-01-25,202601,1,baba_2nd,TG NOIR (Tangiers Noir),Hacitraegas,,,,,,,,,,,,,,,
2026-01-26,202601,1,office,TG F-LINE (Tangiers F-Line),Kashmir (F-Line),,,,,,,,,,,,,,,
2026-01-30,202601,1,baba_main,TG F-LINE (Tangiers F-Line),Kashmir (F-Line),,,,,,,,,,,,,,,
2026-01-29,202601,1,nakano,TG F-LINE (Tangiers F-Line),Kashmir (F-Line),0,,,,,,,,,,,,,,
2026-01-25,202601,1,baba_2nd,TG F-LINE (Tangiers F-Line),Kashmir (F-Line),,,,,,,,,,,,,,,
2026-01-26,202601,1,office,TG NOIR (Tangiers Noir),Kashmir Apple,,,,,,,,,,16,,,,,
2026-01-30,202601,1,baba_main,TG NOIR (Tangiers Noir),Kashmir Apple,209,,,,,,,,,,,,,,
2026-01-29,202601,1,nakano,TG NOIR (Tangiers Noir),Kashmir Apple,0,,,,,,,,,,,,,,
2026-01-25,202601,1,baba_2nd,TG NOIR (Tangiers Noir),Kashmir Apple,,,,,,,,,,,,,,,
2026-01-26,202601,1,office,TG NOIR (Tangiers Noir),Kashmir Lime,,,,,,,,,,40,,,,,
2026-01-30,202601,1,baba_main,TG NOIR (Tangiers Noir),Kashmir Lime,137,,,,,,,,,2,,,,,
2026-01-29,202601,1,nakano,TG NOIR (Tangiers Noir),Kashmir Lime,,,,,,,,,,,,,,,
2026-01-25,202601,1,baba_2nd,TG NOIR (Tangiers Noir),Kashmir Lime,,,,,,,,,,,,,,,
2026-01-26,202601,1,office,TG NOIR (Tangiers Noir),Kashmir Peach,,,,,,,,,,0,,,,,
2026-01-30,202601,1,baba_main,TG NOIR (Tangiers Noir),Kashmir Peach,,,,,,,,,,,,,,,
2026-01-29,202601,1,nakano,TG NOIR (Tangiers Noir),Kashmir Peach,44,,,,,,,,,1,,,,,
2026-01-25,202601,1,baba_2nd,TG NOIR (Tangiers Noir),Kashmir Peach,87,,,,,,,,,1,,,,,
2026-01-26,202601,1,office,TG NOIR (Tangiers Noir),Key Lime Pie,,,,,,,,,,,,,,,
2026-01-30,202601,1,baba_main,TG NOIR (Tangiers Noir),Key Lime Pie,39,,,,,,,,,,,,,,
2026-01-29,202601,1,nakano,TG NOIR (Tangiers Noir),Key Lime Pie,,,,,,,,,,,,,,,
2026-01-25,202601,1,baba_2nd,TG NOIR (Tangiers Noir),Key Lime Pie,,,,,,,,,,,,,,,
2026-01-26,202601,1,office,TG NOIR (Tangiers Noir),Kiwi,,,,,,,,,,,,,,,
2026-01-30,202601,1,baba_main,TG NOIR (Tangiers Noir),Kiwi,55,,,,,,,,,,,,,,
2026-01-29,202601,1,nakano,TG NOIR (Tangiers Noir),Kiwi,,,,,,,,,,,,,,,
2026-01-25,202601,1,baba_2nd,TG NOIR (Tangiers Noir),Kiwi,,,,,,,,,,,,,,,
2026-01-26,202601,1,office,TG NOIR (Tangiers Noir),Kosmik,,,,,,,,,,20,,,,,
2026-01-30,202601,1,baba_main,TG NOIR (Tangiers Noir),Kosmik,114,,,,,,,,,4,,,,,
2026-01-29,202601,1,nakano,TG NOIR (Tangiers Noir),Kosmik,,,,,,,,,,,,,,,
2026-01-25,202601,1,baba_2nd,TG NOIR (Tangiers Noir),Kosmik,,,,,,,,,,,,,,,
2026-01-26,202601,1,office,TG NOIR (Tangiers Noir),Lemon,,,,,,,,,,,,,,,
2026-01-30,202601,1,baba_main,TG NOIR (Tangiers Noir),Lemon,0,,,,,,,,,,,,,,
2026-01-29,202601,1,nakano,TG NOIR (Tangiers Noir),Lemon,,,,,,,,,,,,,,,
2026-01-25,202601,1,baba_2nd,TG NOIR (Tangiers Noir),Lemon,,,,,,,,,,,,,,,
2026-01-26,202601,1,office,TG NOIR (Tangiers Noir),Lemon Blossom,,,,,,,,,,,,,,,
2026-01-30,202601,1,baba_main,TG NOIR (Tangiers Noir),Lemon Blossom,0,,,,,,,,,,,,,,
2026-01-29,202601,1,nakano,TG NOIR (Tangiers Noir),Lemon Blossom,,,,,,,,,,,,,,,
2026-01-25,202601,1,baba_2nd,TG NOIR (Tangiers Noir),Lemon Blossom,,,,,,,,,,,,,,,
2026-01-26,202601,1,office,TG NOIR (Tangiers Noir),Lemon Lime,,,,,,,,,,0,,,,,
2026-01-30,202601,1,baba_main,TG NOIR (Tangiers Noir),Lemon Lime,30,,,,,,,,,,,,,,
2026-01-29,202601,1,nakano,TG NOIR (Tangiers Noir),Lemon Lime,0,,,,,,,,,,,,,,
2026-01-25,202601,1,baba_2nd,TG NOIR (Tangiers Noir),Lemon Lime,0,,,,,,,,,,,,,,
2026-01-26,202601,1,office,TG NOIR (Tangiers Noir),Lemongrass,,,,,,,,,,,,,,,
2026-01-30,202601,1,baba_main,TG NOIR (Tangiers Noir),Lemongrass,93,,,,,,,,,,,,,,
2026-01-29,202601,1,nakano,TG NOIR (Tangiers Noir),Lemongrass,,,,,,,,,,,,,,,
2026-01-25,202601,1,baba_2nd,TG NOIR (Tangiers Noir),Lemongrass,,,,,,,,,,,,,,,
2026-01-26,202601,1,office,TG NOIR (Tangiers Noir),Lemon Tea,,,,,,,,,,24,,,,,
2026-01-30,202601,1,baba_main,TG NOIR (Tangiers Noir),Lemon Tea,94,,,,,,,,,1,,,,,
2026-01-29,202601,1,nakano,TG NOIR (Tangiers Noir),Lemon Tea,,,,,,,,,,,,,,,
2026-01-25,202601,1,baba_2nd,TG NOIR (Tangiers Noir),Lemon Tea,,,,,,,,,,,,,,,
2026-01-26,202601,1,office,TG NOIR (Tangiers Noir),Lime,,,,,,,,,,,,,,,
2026-01-30,202601,1,baba_main,TG NOIR (Tangiers Noir),Lime,191,,,,,,,,,,,,1,,
2026-01-29,202601,1,nakano,TG NOIR (Tangiers Noir),Lime,,,,,,,,,,,,,,,
2026-01-25,202601,1,baba_2nd,TG NOIR (Tangiers Noir),Lime,,,,,,,,,,,,,,,
2026-01-26,202601,1,office,TG NOIR (Tangiers Noir),Liquorice,,,,,,,,,,,,,,,
2026-01-30,202601,1,baba_main,TG NOIR (Tangiers Noir),Liquorice,,,,,,,,,,,,,,,
2026-01-29,202601,1,nakano,TG NOIR (Tangiers Noir),Liquorice,,,,,,,,,,,,,,,
2026-01-25,202601,1,baba_2nd,TG NOIR (Tangiers Noir),Liquorice,,,,,,,,,,,,,,,
2026-01-26,202601,1,office,TG NOIR (Tangiers Noir),Little Purple Stuff,,,,,,,,,,,,,,,
2026-01-30,202601,1,baba_main,TG NOIR (Tangiers Noir),Little Purple Stuff,191,,,,,,,,,,,,,,
2026-01-29,202601,1,nakano,TG NOIR (Tangiers Noir),Little Purple Stuff,,,,,,,,,,,,,,,
2026-01-25,202601,1,baba_2nd,TG NOIR (Tangiers Noir),Little Purple Stuff,,,,,,,,,,,,,,,
2026-01-26,202601,1,office,TG NOIR (Tangiers Noir),Mandarin Orange,,,,,,,,,,,,,,,
2026-01-30,202601,1,baba_main,TG NOIR (Tangiers Noir),Mandarin Orange,105,,,,,,,,,,,,,,
2026-01-29,202601,1,nakano,TG NOIR (Tangiers Noir),Mandarin Orange,,,,,,,,,,,,,,,
2026-01-25,202601,1,baba_2nd,TG NOIR (Tangiers Noir),Mandarin Orange,0,,,,,,,,,,,,,,
2026-01-26,202601,1,office,TG NOIR (Tangiers Noir),Mango Fling,,,,,,,,,,,,,,,
2026-01-30,202601,1,baba_main,TG NOIR (Tangiers Noir),Mango Fling,221,,,,,,,,,,,,,,
2026-01-29,202601,1,nakano,TG NOIR (Tangiers Noir),Mango Fling,,,,,,,,,,,,,,,
2026-01-25,202601,1,baba_2nd,TG NOIR (Tangiers Noir),Mango Fling,,,,,,,,,,,,,,,
2026-01-26,202601,1,office,TG NOIR (Tangiers Noir),Maraschino Cherry,,,,,,,,,,27,,,,,
2026-01-30,202601,1,baba_main,TG NOIR (Tangiers Noir),Maraschino Cherry,169,,,,,,,,,,,,,,
2026-01-29,202601,1,nakano,TG NOIR (Tangiers Noir),Maraschino Cherry,,,,,,,,,,,,,,,
2026-01-25,202601,1,baba_2nd,TG NOIR (Tangiers Noir),Maraschino Cherry,,,,,,,,,,,,,,,
2026-01-26,202601,1,office,TG NOIR (Tangiers Noir),Marigold,,,,,,,,,,,,,,,
2026-01-30,202601,1,baba_main,TG NOIR (Tangiers Noir),Marigold,,,,,,,,,,,,,,,
2026-01-29,202601,1,nakano,TG NOIR (Tangiers Noir),Marigold,,,,,,,,,,,,,,,
2026-01-25,202601,1,baba_2nd,TG NOIR (Tangiers Noir),Marigold,,,,,,,,,,,,,,,
2026-01-26,202601,1,office,TG NOIR (Tangiers Noir),Midnight Orchard Apple,,,,,,,,,,,,,,,
2026-01-30,202601,1,baba_main,TG NOIR (Tangiers Noir),Midnight Orchard Apple,,,,,,,,,,,,,,,
2026-01-29,202601,1,nakano,TG NOIR (Tangiers Noir),Midnight Orchard Apple,,,,,,,,,,,,,,,
2026-01-25,202601,1,baba_2nd,TG NOIR (Tangiers Noir),Midnight Orchard Apple,,,,,,,,,,,,,,,
2026-01-26,202601,1,office,TG NOIR (Tangiers Noir),Mime,,,,,,,,,,15,,,,,
2026-01-30,202601,1,baba_main,TG NOIR (Tangiers Noir),Mime,162,,,,,,,,,1,,,,,
2026-01-29,202601,1,nakano,TG NOIR (Tangiers Noir),Mime,0,,,,,,,,,,,,,,
2026-01-25,202601,1,baba_2nd,TG NOIR (Tangiers Noir),Mime,0,,,,,,,,,,,,,,
2026-01-26,202601,1,office,TG NOIR (Tangiers Noir),Mimon,,,,,,,,,,18,,,,,
2026-01-30,202601,1,baba_main,TG NOIR (Tangiers Noir),Mimon,243,,,,,,,,,1,,,,,
2026-01-29,202601,1,nakano,TG NOIR (Tangiers Noir),Mimon,120,,,,,,,,,,,,,,
2026-01-25,202601,1,baba_2nd,TG NOIR (Tangiers Noir),Mimon,,,,,,,,,,,,,,,
2026-01-26,202601,1,office,TG NOIR (Tangiers Noir),Mixed Fruit With Whipped Cream,,,,,,,,,,,,,,,
2026-01-30,202601,1,baba_main,TG NOIR (Tangiers Noir),Mixed Fruit With Whipped Cream,38,,,,,,,,,,,,,,
2026-01-29,202601,1,nakano,TG NOIR (Tangiers Noir),Mixed Fruit With Whipped Cream,,,,,,,,,,,,,,,
2026-01-25,202601,1,baba_2nd,TG NOIR (Tangiers Noir),Mixed Fruit With Whipped Cream,,,,,,,,,,,,,,,
2026-01-26,202601,1,office,TG NOIR (Tangiers Noir),Nectarine,,,,,,,,,,1,,,1,,
2026-01-30,202601,1,baba_main,TG NOIR (Tangiers Noir),Nectarine,233,227,,,,,,,,,,,1,,
2026-01-29,202601,1,nakano,TG NOIR (Tangiers Noir),Nectarine,,,,,,,,,,,,,,,
2026-01-25,202601,1,baba_2nd,TG NOIR (Tangiers Noir),Nectarine,,,,,,,,,,,,,,,
2026-01-26,202601,1,office,TG NOIR (Tangiers Noir),New Lemon Lime,,,,,,,,,,,,,,,
2026-01-30,202601,1,baba_main,TG NOIR (Tangiers Noir),New Lemon Lime,,,,,,,,,,,,,,,
2026-01-29,202601,1,nakano,TG NOIR (Tangiers Noir),New Lemon Lime,,,,,,,,,,,,,,,
2026-01-25,202601,1,baba_2nd,TG NOIR (Tangiers Noir),New Lemon Lime,0,,,,,,,,,,,,,,
2026-01-26,202601,1,office,TG NOIR (Tangiers Noir),Ololiuqui,,,,,,,,,,27,,,,,
2026-01-30,202601,1,baba_main,TG NOIR (Tangiers Noir),Ololiuqui,118,,,,,,,,,2,,,,,
2026-01-29,202601,1,nakano,TG NOIR (Tangiers Noir),Ololiuqui,213,,,,,,,,,6,,,,,
2026-01-25,202601,1,baba_2nd,TG NOIR (Tangiers Noir),Ololiuqui,196,,,,,,,,,1,,,,,
2026-01-26,202601,1,office,TG NOIR (Tangiers Noir),Orange Soda,,,,,,,,,,24,,,,,
2026-01-30,202601,1,baba_main,TG NOIR (Tangiers Noir),Orange Soda,159,,,,,,,,,,,,,,
2026-01-29,202601,1,nakano,TG NOIR (Tangiers Noir),Orange Soda,122,,,,,,,,,3,,,,,
2026-01-25,202601,1,baba_2nd,TG NOIR (Tangiers Noir),Orange Soda,220,,,,,,,,,1,,,,,
2026-01-26,202601,1,office,TG F-LINE (Tangiers F-Line),Orange Soda (F-Line),,,,,,,,,,,,,,,
2026-01-30,202601,1,baba_main,TG F-LINE (Tangiers F-Line),Orange Soda (F-Line),,,,,,,,,,,,,,,
2026-01-29,202601,1,nakano,TG F-LINE (Tangiers F-Line),Orange Soda (F-Line),,,,,,,,,,,,,,,
2026-01-25,202601,1,baba_2nd,TG F-LINE (Tangiers F-Line),Orange Soda (F-Line),,,,,,,,,,,,,,,
2026-01-26,202601,1,office,TG NOIR (Tangiers Noir),Panic Punch,,,,,,,,,,,,,,,
2026-01-30,202601,1,baba_main,TG NOIR (Tangiers Noir),Panic Punch,,,,,,,,,,,,,,,
2026-01-29,202601,1,nakano,TG NOIR (Tangiers Noir),Panic Punch,,,,,,,,,,,,,,,
2026-01-25,202601,1,baba_2nd,TG NOIR (Tangiers Noir),Panic Punch,,,,,,,,,,,,,,,
2026-01-26,202601,1,office,TG BIRQUQ (Tangiers Birquq),Panic Punch (Birquq),,,,,,,,,,5,,,,,
2026-01-30,202601,1,baba_main,TG BIRQUQ (Tangiers Birquq),Panic Punch (Birquq),96,,,,,,,,,2,,,,,
2026-01-29,202601,1,nakano,TG BIRQUQ (Tangiers Birquq),Panic Punch (Birquq),,,,,,,,,,,,,,,
2026-01-25,202601,1,baba_2nd,TG BIRQUQ (Tangiers Birquq),Panic Punch (Birquq),,,,,,,,,,,,,,,
2026-01-26,202601,1,office,TG NOIR (Tangiers Noir),Papa'S Foreplay,,,,,,,,,,,,,,,
2026-01-30,202601,1,baba_main,TG NOIR (Tangiers Noir),Papa'S Foreplay,96,,,,,,,,,,,,,,
2026-01-29,202601,1,nakano,TG NOIR (Tangiers Noir),Papa'S Foreplay,,,,,,,,,,,,,,,
2026-01-25,202601,1,baba_2nd,TG NOIR (Tangiers Noir),Papa'S Foreplay,,,,,,,,,,,,,,,
2026-01-26,202601,1,office,TG NOIR (Tangiers Noir),Papaya Sorbet,,,,,,,,,,,,,,,
2026-01-30,202601,1,baba_main,TG NOIR (Tangiers Noir),Papaya Sorbet,,,,,,,,,,,,,,,
2026-01-29,202601,1,nakano,TG NOIR (Tangiers Noir),Papaya Sorbet,,,,,,,,,,,,,,,
2026-01-25,202601,1,baba_2nd,TG NOIR (Tangiers Noir),Papaya Sorbet,,,,,,,,,,,,,,,
2026-01-26,202601,1,office,TG NOIR (Tangiers Noir),Passion Lemonade,,,,,,,,,,,,,,,
2026-01-30,202601,1,baba_main,TG NOIR (Tangiers Noir),Passion Lemonade,169,,,,,,,,,,,,1,,
2026-01-29,202601,1,nakano,TG NOIR (Tangiers Noir),Passion Lemonade,,,,,,,,,,,,,,,
2026-01-25,202601,1,baba_2nd,TG NOIR (Tangiers Noir),Passion Lemonade,,,,,,,,,,,,,,,
2026-01-26,202601,1,office,TG NOIR (Tangiers Noir),Peach Cobbler,,,,,,,,,,,,,,,
2026-01-30,202601,1,baba_main,TG NOIR (Tangiers Noir),Peach Cobbler,62,,,,,,,,,,,,1,,
2026-01-29,202601,1,nakano,TG NOIR (Tangiers Noir),Peach Cobbler,,,,,,,,,,,,,,,
2026-01-25,202601,1,baba_2nd,TG NOIR (Tangiers Noir),Peach Cobbler,,,,,,,,,,,,,,,
2026-01-26,202601,1,office,TG NOIR (Tangiers Noir),Peach Iced Tea,,,,,,,,,,3,,,1,,
2026-01-30,202601,1,baba_main,TG NOIR (Tangiers Noir),Peach Iced Tea,91,,,,,,,,,2,,,1,,
2026-01-29,202601,1,nakano,TG NOIR (Tangiers Noir),Peach Iced Tea,0,,,,,,,,,,,,,,
2026-01-25,202601,1,baba_2nd,TG NOIR (Tangiers Noir),Peach Iced Tea,69,,,,,,,,,,,,,,
2026-01-26,202601,1,office,TG NOIR (Tangiers Noir),Pear,,,,,,,,,,,,,,,
2026-01-30,202601,1,baba_main,TG NOIR (Tangiers Noir),Pear,,,,,,,,,,,,,,,
2026-01-29,202601,1,nakano,TG NOIR (Tangiers Noir),Pear,,,,,,,,,,,,,,,
2026-01-25,202601,1,baba_2nd,TG NOIR (Tangiers Noir),Pear,,,,,,,,,,,,,,,
2026-01-26,202601,1,office,TG NOIR (Tangiers Noir),Pikina Sun,,,,,,,,,,,,,,,
2026-01-30,202601,1,baba_main,TG NOIR (Tangiers Noir),Pikina Sun,55,,,,,,,,,,,,,,
2026-01-29,202601,1,nakano,TG NOIR (Tangiers Noir),Pikina Sun,,,,,,,,,,,,,,,
2026-01-25,202601,1,baba_2nd,TG NOIR (Tangiers Noir),Pikina Sun,,,,,,,,,,,,,,,
2026-01-26,202601,1,office,TG BIRQUQ (Tangiers Birquq),Pikina Sun (Birquq),,,,,,,,,,,,,,,
2026-01-30,202601,1,baba_main,TG BIRQUQ (Tangiers Birquq),Pikina Sun (Birquq),,,,,,,,,,,,,1,,
2026-01-29,202601,1,nakano,TG BIRQUQ (Tangiers Birquq),Pikina Sun (Birquq),,,,,,,,,,,,,,,
2026-01-25,202601,1,baba_2nd,TG BIRQUQ (Tangiers Birquq),Pikina Sun (Birquq),,,,,,,,,,,,,,,
2026-01-26,202601,1,office,TG NOIR (Tangiers Noir),Pineapple,,,,,,,,,,,,,,,
2026-01-30,202601,1,baba_main,TG NOIR (Tangiers Noir),Pineapple,,,,,,,,,,,,,,,
2026-01-29,202601,1,nakano,TG NOIR (Tangiers Noir),Pineapple,,,,,,,,,,,,,,,
2026-01-25,202601,1,baba_2nd,TG NOIR (Tangiers Noir),Pineapple,,,,,,,,,,,,,,,
2026-01-26,202601,1,office,TG NOIR (Tangiers Noir),Pinepas,,,,,,,,,,,,,,,
2026-01-30,202601,1,baba_main,TG NOIR (Tangiers Noir),Pinepas,,,,,,,,,,,,,,,
2026-01-29,202601,1,nakano,TG NOIR (Tangiers Noir),Pinepas,,,,,,,,,,,,,,,
2026-01-25,202601,1,baba_2nd,TG NOIR (Tangiers Noir),Pinepas,,,,,,,,,,,,,,,
2026-01-26,202601,1,office,TG BIRQUQ (Tangiers Birquq),Pinepas (Birquq),,,,,,,,,,,,,,,
2026-01-30,202601,1,baba_main,TG BIRQUQ (Tangiers Birquq),Pinepas (Birquq),215,,,,,,,,,,,,,,
2026-01-29,202601,1,nakano,TG BIRQUQ (Tangiers Birquq),Pinepas (Birquq),,,,,,,,,,,,,,,
2026-01-25,202601,1,baba_2nd,TG BIRQUQ (Tangiers Birquq),Pinepas (Birquq),,,,,,,,,,,,,,,
2026-01-26,202601,1,office,TG NOIR (Tangiers Noir),Pinetops,,,,,,,,,,,,,,,
2026-01-30,202601,1,baba_main,TG NOIR (Tangiers Noir),Pinetops,,,,,,,,,,,,,,,
2026-01-29,202601,1,nakano,TG NOIR (Tangiers Noir),Pinetops,,,,,,,,,,,,,,,
2026-01-25,202601,1,baba_2nd,TG NOIR (Tangiers Noir),Pinetops,,,,,,,,,,,,,,,
2026-01-26,202601,1,office,TG NOIR (Tangiers Noir),Pink Grapefruit,,,,,,,,,,27,,,,,
2026-01-30,202601,1,baba_main,TG NOIR (Tangiers Noir),Pink Grapefruit,112,,,,,,,,,,,,,,
2026-01-29,202601,1,nakano,TG NOIR (Tangiers Noir),Pink Grapefruit,45,,,,,,,,,1,,,,,
2026-01-25,202601,1,baba_2nd,TG NOIR (Tangiers Noir),Pink Grapefruit,144,,,,,,,,,2,,,,,
2026-01-26,202601,1,office,TG NOIR (Tangiers Noir),Pomegranate,,,,,,,,,,,,,,,
2026-01-30,202601,1,baba_main,TG NOIR (Tangiers Noir),Pomegranate,,,,,,,,,,,,,,,
2026-01-29,202601,1,nakano,TG NOIR (Tangiers Noir),Pomegranate,,,,,,,,,,,,,,,
2026-01-25,202601,1,baba_2nd,TG NOIR (Tangiers Noir),Pomegranate,,,,,,,,,,,,,,,
2026-01-26,202601,1,office,TG BURLEY (Tangiers Burley),Prince Of Grey (Burley),,,,,,,,,,,,,,,
2026-01-30,202601,1,baba_main,TG BURLEY (Tangiers Burley),Prince Of Grey (Burley),,,,,,,,,,,,,,,
2026-01-29,202601,1,nakano,TG BURLEY (Tangiers Burley),Prince Of Grey (Burley),,,,,,,,,,,,,,,
2026-01-25,202601,1,baba_2nd,TG BURLEY (Tangiers Burley),Prince Of Grey (Burley),,,,,,,,,,,,,,,
2026-01-26,202601,1,office,TG NOIR (Tangiers Noir),Pumpkin,,,,,,,,,,12,,,,,
2026-01-30,202601,1,baba_main,TG NOIR (Tangiers Noir),Pumpkin,155,,,,,,,,,1,,,,,
2026-01-29,202601,1,nakano,TG NOIR (Tangiers Noir),Pumpkin,,,,,,,,,,,,,,,
2026-01-25,202601,1,baba_2nd,TG NOIR (Tangiers Noir),Pumpkin,,,,,,,,,,,,,,,
2026-01-26,202601,1,office,TG NOIR (Tangiers Noir),Rangoon Sunrise,,,,,,,,,,,,,,,
2026-01-30,202601,1,baba_main,TG NOIR (Tangiers Noir),Rangoon Sunrise,32,,,,,,,,,,,,,,
2026-01-29,202601,1,nakano,TG NOIR (Tangiers Noir),Rangoon Sunrise,,,,,,,,,,,,,,,
2026-01-25,202601,1,baba_2nd,TG NOIR (Tangiers Noir),Rangoon Sunrise,,,,,,,,,,,,,,,
2026-01-26,202601,1,office,TG NOIR (Tangiers Noir),Rasfruit,,,,,,,,,,,,,,,
2026-01-30,202601,1,baba_main,TG NOIR (Tangiers Noir),Rasfruit,,,,,,,,,,,,,,,
2026-01-29,202601,1,nakano,TG NOIR (Tangiers Noir),Rasfruit,,,,,,,,,,,,,,,
2026-01-25,202601,1,baba_2nd,TG NOIR (Tangiers Noir),Rasfruit,,,,,,,,,,,,,,,
2026-01-26,202601,1,office,TG NOIR (Tangiers Noir),Raspberry Iced Tea,,,,,,,,,,8,,,,,
2026-01-30,202601,1,baba_main,TG NOIR (Tangiers Noir),Raspberry Iced Tea,113,,,,,,,,,,,,,,
2026-01-29,202601,1,nakano,TG NOIR (Tangiers Noir),Raspberry Iced Tea,214,,,,,,,,,,,,,,
2026-01-25,202601,1,baba_2nd,TG NOIR (Tangiers Noir),Raspberry Iced Tea,166,,,,,,,,,1,,,,,
2026-01-26,202601,1,office,TG NOIR (Tangiers Noir),Regal Flower,,,,,,,,,,,,,,,
2026-01-30,202601,1,baba_main,TG NOIR (Tangiers Noir),Regal Flower,244,,,,,,,,,,,,1,,
2026-01-29,202601,1,nakano,TG NOIR (Tangiers Noir),Regal Flower,,,,,,,,,,,,,,,
2026-01-25,202601,1,baba_2nd,TG NOIR (Tangiers Noir),Regal Flower,,,,,,,,,,,,,,,
2026-01-26,202601,1,office,TG NOIR (Tangiers Noir),Sage Mint,,,,,,,,,,,,,,,
2026-01-30,202601,1,baba_main,TG NOIR (Tangiers Noir),Sage Mint,,,,,,,,,,,,,,,
2026-01-29,202601,1,nakano,TG NOIR (Tangiers Noir),Sage Mint,,,,,,,,,,,,,,,
2026-01-25,202601,1,baba_2nd,TG NOIR (Tangiers Noir),Sage Mint,,,,,,,,,,,,,,,
2026-01-26,202601,1,office,TG NOIR (Tangiers Noir),Sevilla Orange,,,,,,,,,,,,,,,
2026-01-30,202601,1,baba_main,TG NOIR (Tangiers Noir),Sevilla Orange,,,,,,,,,,,,,,,
2026-01-29,202601,1,nakano,TG NOIR (Tangiers Noir),Sevilla Orange,,,,,,,,,,,,,,,
2026-01-25,202601,1,baba_2nd,TG NOIR (Tangiers Noir),Sevilla Orange,,,,,,,,,,,,,,,
2026-01-26,202601,1,office,TG NOIR (Tangiers Noir),Sour,,,,,,,,,,,,,,,
2026-01-30,202601,1,baba_main,TG NOIR (Tangiers Noir),Sour,,,,,,,,,,,,,,,
2026-01-29,202601,1,nakano,TG NOIR (Tangiers Noir),Sour,,,,,,,,,,,,,,,
2026-01-25,202601,1,baba_2nd,TG NOIR (Tangiers Noir),Sour,,,,,,,,,,,,,,,
2026-01-26,202601,1,office,TG NOIR (Tangiers Noir),Static Starlight,,,,,,,,,,,,,,,
2026-01-30,202601,1,baba_main,TG NOIR (Tangiers Noir),Static Starlight,,,,,,,,,,,,,,,
2026-01-29,202601,1,nakano,TG NOIR (Tangiers Noir),Static Starlight,,,,,,,,,,,,,,,
2026-01-25,202601,1,baba_2nd,TG NOIR (Tangiers Noir),Static Starlight,,,,,,,,,,,,,,,
2026-01-26,202601,1,office,TG NOIR (Tangiers Noir),Strawberry,,,,,,,,,,10,,,,,
2026-01-30,202601,1,baba_main,TG NOIR (Tangiers Noir),Strawberry,113,,,,,,,,,1,,,,,
2026-01-29,202601,1,nakano,TG NOIR (Tangiers Noir),Strawberry,,,,,,,,,,,,,,,
2026-01-25,202601,1,baba_2nd,TG NOIR (Tangiers Noir),Strawberry,,,,,,,,,,,,,,,
2026-01-26,202601,1,office,TG NOIR (Tangiers Noir),Strawberry Kiwi,,,,,,,,,,,,,,,
2026-01-30,202601,1,baba_main,TG NOIR (Tangiers Noir),Strawberry Kiwi,,,,,,,,,,,,,,,
2026-01-29,202601,1,nakano,TG NOIR (Tangiers Noir),Strawberry Kiwi,,,,,,,,,,,,,,,
2026-01-25,202601,1,baba_2nd,TG NOIR (Tangiers Noir),Strawberry Kiwi,,,,,,,,,,,,,,,
2026-01-26,202601,1,office,TG NOIR (Tangiers Noir),Surfer'S Delight,,,,,,,,,,,,,,,
2026-01-30,202601,1,baba_main,TG NOIR (Tangiers Noir),Surfer'S Delight,238,,,,,,,,,,,,,,
2026-01-29,202601,1,nakano,TG NOIR (Tangiers Noir),Surfer'S Delight,,,,,,,,,,,,,,,
2026-01-25,202601,1,baba_2nd,TG NOIR (Tangiers Noir),Surfer'S Delight,,,,,,,,,,,,,,,
2026-01-26,202601,1,office,TG NOIR (Tangiers Noir),Tasty Peach,,,,,,,,,,,,,,,
2026-01-30,202601,1,baba_main,TG NOIR (Tangiers Noir),Tasty Peach,,,,,,,,,,,,,,,
2026-01-29,202601,1,nakano,TG NOIR (Tangiers Noir),Tasty Peach,,,,,,,,,,,,,,,
2026-01-25,202601,1,baba_2nd,TG NOIR (Tangiers Noir),Tasty Peach,,,,,,,,,,,,,,,
2026-01-26,202601,1,office,TG NOIR (Tangiers Noir),The Last Pie,,,,,,,,,,,,,,,
2026-01-30,202601,1,baba_main,TG NOIR (Tangiers Noir),The Last Pie,165,,,,,,,,,,,,,,
2026-01-29,202601,1,nakano,TG NOIR (Tangiers Noir),The Last Pie,,,,,,,,,,,,,,,
2026-01-25,202601,1,baba_2nd,TG NOIR (Tangiers Noir),The Last Pie,,,,,,,,,,,,,,,
2026-01-26,202601,1,office,TG NOIR (Tangiers Noir),Tropical Revenge,,,,,,,,,,,,,,,
2026-01-30,202601,1,baba_main,TG NOIR (Tangiers Noir),Tropical Revenge,222,,,,,,,,,,,,,,
2026-01-29,202601,1,nakano,TG NOIR (Tangiers Noir),Tropical Revenge,,,,,,,,,,,,,,,
2026-01-25,202601,1,baba_2nd,TG NOIR (Tangiers Noir),Tropical Revenge,,,,,,,,,,,,,,,
2026-01-26,202601,1,office,TG NOIR (Tangiers Noir),Tuscan Cantaloupe,,,,,,,,,,,,,,,
2026-01-30,202601,1,baba_main,TG NOIR (Tangiers Noir),Tuscan Cantaloupe,,,,,,,,,,,,,,,
2026-01-29,202601,1,nakano,TG NOIR (Tangiers Noir),Tuscan Cantaloupe,,,,,,,,,,,,,,,
2026-01-25,202601,1,baba_2nd,TG NOIR (Tangiers Noir),Tuscan Cantaloupe,,,,,,,,,,,,,,,
2026-01-26,202601,1,office,TG NOIR (Tangiers Noir),Vanilla,,,,,,,,,,21,,,,,
2026-01-30,202601,1,baba_main,TG NOIR (Tangiers Noir),Vanilla,162,,,,,,,,,,,,,,
2026-01-29,202601,1,nakano,TG NOIR (Tangiers Noir),Vanilla,146,,,,,,,,,,,,,,
2026-01-25,202601,1,baba_2nd,TG NOIR (Tangiers Noir),Vanilla,,,,,,,,,,,,,,,
2026-01-26,202601,1,office,TG NOIR (Tangiers Noir),Watermelon,,,,,,,,,,,,,,,
2026-01-30,202601,1,baba_main,TG NOIR (Tangiers Noir),Watermelon,,,,,,,,,,,,,,,
2026-01-29,202601,1,nakano,TG NOIR (Tangiers Noir),Watermelon,,,,,,,,,,,,,,,
2026-01-25,202601,1,baba_2nd,TG NOIR (Tangiers Noir),Watermelon,,,,,,,,,,,,,,,
2026-01-26,202601,1,office,TG NOIR (Tangiers Noir),Welsh Cream,,,,,,,,,,,,,2,,
2026-01-30,202601,1,baba_main,TG NOIR (Tangiers Noir),Welsh Cream,162,,,,,,,,,,,,1,,
2026-01-29,202601,1,nakano,TG NOIR (Tangiers Noir),Welsh Cream,173,,,,,,,,,,,,,,
2026-01-25,202601,1,baba_2nd,TG NOIR (Tangiers Noir),Welsh Cream,,,,,,,,,,,,,,,
2026-01-26,202601,1,office,TG NOIR (Tangiers Noir),White Grape,,,,,,,,,,,,,,,
2026-01-30,202601,1,baba_main,TG NOIR (Tangiers Noir),White Grape,,,,,,,,,,,,,,,
2026-01-29,202601,1,nakano,TG NOIR (Tangiers Noir),White Grape,,,,,,,,,,,,,,,
2026-01-25,202601,1,baba_2nd,TG NOIR (Tangiers Noir),White Grape,,,,,,,,,,,,,,,
2026-01-26,202601,1,office,TG NOIR (Tangiers Noir),Yunnan Shaddock,,,,,,,,,,3,,,,,
2026-01-30,202601,1,baba_main,TG NOIR (Tangiers Noir),Yunnan Shaddock,114,,,,,,,,,,,,,,
2026-01-29,202601,1,nakano,TG NOIR (Tangiers Noir),Yunnan Shaddock,63,,,,,,,,,,,,,,
2026-01-25,202601,1,baba_2nd,TG NOIR (Tangiers Noir),Yunnan Shaddock,,,,,,,,,,,,,,,
2026-01-26,202601,1,office,VV (Vang Vieng Mix),Double Apple (AF+RV),,,,,,,,,,,,,,,
2026-01-30,202601,1,baba_main,VV (Vang Vieng Mix),Double Apple (AF+RV),,,,,,,,,,,,,,,
2026-01-29,202601,1,nakano,VV (Vang Vieng Mix),Double Apple (AF+RV),,,,,,,,,,,,,,,
2026-01-25,202601,1,baba_2nd,VV (Vang Vieng Mix),Double Apple (AF+RV),,,,,,,,,,,,,,,
