recorded_at,month_num,store_key,brand_name,flavor_name,tupper_basic,tupper_reserve,pkg_50,pkg_100,pkg_125,pkg_200,pkg_250,pkg_1kg,val_other,,,,,,,,,,,,,,,,,,,,,,,,,,,,,,,,,,,,,,,,,,,,,,,,,,,,,,,,,,,,,,,,,,,,,,,,,,,,,,
2025-12-25,12,office,ブランド,フレーバー,,,,合計,事務所タッパー,,,,,事務所在庫,,,,,,,,事務所物販,,,,,,,事務所合計,高田馬場本店タッパー,,,,,高田馬場本店在庫,,,,,,,,高田馬場本店物販,,,,,,,高田馬場本店合計,中野店タッパー,,,,,中野店在庫,,,,,,,,中野店物販,,,,,,,中野店合計,高田馬場2号店タッパー,,,,,高田馬場2号店在庫,,,,,,,,高田馬場2号店物販,,,,,,
,,,,名前,"メニュー
内/外","ホース
の色","標準
タッパー数",,基本,予備1,予備2,予備3,合計,50g,100g,125g,200g,250g,1kg,他,合計,50g,100g,125g,200g,250g,1kg,合計,,基本,予備1,予備2,予備3,合計,50g,100g,125g,200g,250g,1kg,他,合計,50g,100g,125g,200g,250g,1kg,合計,,基本,予備1,予備2,予備3,合計,50g,100g,125g,200g,250g,1kg,他,合計,50g,100g,125g,200g,250g,1kg,合計,,基本,予備1,予備2,予備3,合計,50g,100g,125g,200g,250g,1kg,他,合計,50g,100g,125g,200g,250g,1kg,合計
,,,AF (Al Fakher),Banana,✕,Normal,,380,-,-,-,-,0,,,,,,,,0,,,,,,,0,0,-,-,-,-,0,,,,,,,,0,,,,,,,0,0,205,-,-,-,205,,,,,,,,0,,,,,,,0,205,175,-,-,-,175,,,,,,,,0,,,,,,,0
,,,AF (Al Fakher),Blueberry,◯,Normal,1,"3,258",-,-,-,-,0,,,,,4,,,"1,000",,,,,,,0,"1,000",40,-,-,-,40,,,,,3,,,750,,,,,,,0,790,266,-,-,-,266,,,,,2,,,500,,,,,,,0,766,202,-,-,-,202,,,,,2,,,500,,,,,,,0
,,,AF (Al Fakher),(パチ) Blueberry,△,Normal,,370,-,-,-,-,0,,,,,,,,0,,,,,,,0,0,70,-,-,-,70,6,,,,,,,300,,,,,,,0,370,0,-,-,-,0,,,,,,,,0,,,,,,,0,0,-,-,-,-,0,,,,,,,,0,,,,,,,0
,,,AF (Al Fakher),Blueberry Vanilla Ice Cream,✕,Sweet,,0,-,-,-,-,0,,,,,,,,0,,,,,,,0,0,-,-,-,-,0,,,,,,,,0,,,,,,,0,0,0,-,-,-,0,,,,,,,,0,,,,,,,0,0,-,-,-,-,0,,,,,,,,0,,,,,,,0
,,,AF (Al Fakher),Cardamom,◯,Strong,1,"3,165",-,-,-,-,0,,,,,,,,0,,,,,,,0,0,216,-,-,-,216,20,,,,,,,"1,000",,,,,,,0,"1,216",163,-,-,-,163,17,,,,,,,850,,,,,,,0,"1,013",136,-,-,-,136,16,,,,,,,800,,,,,,,0
,,,AF (Al Fakher),Chocolate,◯,Sweet,1,10,-,-,-,-,0,,,,,,,,0,,,,,,,0,0,10,-,-,-,10,,,,,,,,0,,,,,,,0,10,0,-,-,-,0,,,,,,,,0,,,,,,,0,0,0,-,-,-,0,,,,,,,,0,,,,,,,0
,,,AF (Al Fakher),Cinnamon,✕,Sweet,,"2,642",-,-,-,-,0,,,,,4,,,"1,000",,,,,,,0,"1,000",154,-,-,-,154,,,,,2,,,500,,,,,,,0,654,150,-,-,-,150,,,,,1,,,250,,,,,,,0,400,86,252,-,-,338,,,,,1,,,250,,,,,,,0
,,,AF (Al Fakher),Citrus With Mint,✕,Normal,,0,-,-,-,-,0,,,,,,,,0,,,,,,,0,0,-,-,-,-,0,,,,,,,,0,,,,,,,0,0,-,-,-,-,0,,,,,,,,0,,,,,,,0,0,-,-,-,-,0,,,,,,,,0,,,,,,,0
,,,AF (Al Fakher),Coconut,✕,Sweet,,737,-,-,-,-,0,,,,,1,,,250,,,,,,,0,250,115,-,-,-,115,,,,,,,,0,,,,,,,0,115,110,-,-,-,110,,,,,,,,0,,,,,,,0,110,256,6,-,-,262,,,,,,,,0,,,,,,,0
,,,AF (Al Fakher),Grapefruit,✕,Normal,,0,-,-,-,-,0,,,,,,,,0,,,,,,,0,0,-,-,-,-,0,,,,,,,,0,,,,,,,0,0,-,-,-,-,0,,,,,,,,0,,,,,,,0,0,-,-,-,-,0,,,,,,,,0,,,,,,,0
,,,AF (Al Fakher),Grapefruit With Mint,✕,Normal,,0,-,-,-,-,0,,,,,,,,0,,,,,,,0,0,-,-,-,-,0,,,,,,,,0,,,,,,,0,0,-,-,-,-,0,,,,,,,,0,,,,,,,0,0,-,-,-,-,0,,,,,,,,0,,,,,,,0
,,,AF (Al Fakher),Grenadine,✕,Strong,,488,-,-,-,-,0,,,,,,,,0,,,,,,,0,0,252,-,-,-,252,2,,,,,,,100,,,,,,,0,352,-,-,-,-,0,,,,,,,,0,,,,,,,0,0,136,-,-,-,136,,,,,,,,0,,,,,,,0
,,,AF (Al Fakher),Guava,◯,Strong,1,"3,203",-,-,-,-,0,,,,,5,,,"1,250",,,,,,,0,"1,250",112,-,-,-,112,,,,,3,,,750,,,,,,,0,862,199,-,-,-,199,,,,,1,,,250,,,,,,,0,449,142,-,-,-,142,,,,,2,,,500,,,,,,,0
,,,AF (Al Fakher),Gum With Mint,✕,Mint,,8,-,-,-,-,0,,,,,,,,0,,,,,,,0,0,-,-,-,-,0,,,,,,,,0,,,,,,,0,0,0,-,-,-,0,,,,,,,,0,,,,,,,0,0,8,-,-,-,8,,,,,,,,0,,,,,,,0
,,,AF (Al Fakher),Kiwi,◯,Normal,1,"3,208",-,-,-,-,0,,,,,6,,,"1,500",,,,,,,0,"1,500",103,-,-,-,103,,,,,2,,,500,,,,,,,0,603,257,-,-,-,257,,,,,1,,,250,,,,,,,0,507,98,-,-,-,98,,,,,2,,,500,,,,,,,0
,,,AF (Al Fakher),Mint,◯,Mint,2,"3,477",-,-,-,-,0,,,,,9,,,"2,250",,,,,,,0,"2,250",73,298,-,-,371,,,,,,,,0,,,,,,,0,371,244,0,-,-,244,,,,,1,,,250,,,,,,,0,494,108,254,-,-,362,,,,,,,,0,,,,,,,0
,,,AF (Al Fakher),(パチ) Mint,△,Mint,,495,-,-,-,-,0,,,,,,,,0,,,,,,,0,0,-,-,-,-,0,,,,,,,,0,,,,,,,0,0,174,-,-,-,174,,,,,,,,0,,,,,,,0,174,159,162,-,-,321,,,,,,,,0,,,,,,,0
,,,AF (Al Fakher),Orange,◯,Normal,2,"2,799",-,-,-,-,0,,,,,4,,,"1,000",,,,,,,0,"1,000",178,-,-,-,178,,,,,1,,,250,,,,,,,0,428,94,0,-,-,94,,,,,3,,,750,,,,,,,0,844,267,260,-,-,527,,,,,,,,0,,,,,,,0
,,,AF (Al Fakher),(パチ) Orange,△,Normal,,0,-,-,-,-,0,,,,,,,,0,,,,,,,0,0,-,-,-,-,0,,,,,,,,0,,,,,,,0,0,0,-,-,-,0,,,,,,,,0,,,,,,,0,0,-,-,-,-,0,,,,,,,,0,,,,,,,0
,,,AF (Al Fakher),Peach,◯,Normal,1,"1,873",-,-,-,-,0,,,,,3,,,750,,,,,,,0,750,140,-,-,-,140,,,,,1,,,250,,,,,,,0,390,173,-,-,-,173,,,,,1,,,250,,,,,,,0,423,60,-,-,-,60,,,,,1,,,250,,,,,,,0
,,,AF (Al Fakher),Plum,✕,Normal,,9,-,-,-,-,0,,,,,,,,0,,,,,,,0,0,-,-,-,-,0,,,,,,,,0,,,,,,,0,0,9,-,-,-,9,,,,,,,,0,,,,,,,0,9,-,-,-,-,0,,,,,,,,0,,,,,,,0
,,,AF (Al Fakher),Rose,✕,Strong,,"1,105",-,-,-,-,0,,,,,,,,0,,,,,,,0,0,345,-,-,-,345,,,,,,,,0,,,,,,,0,345,140,-,-,-,140,5,,,,,,,250,,,,,,,0,390,220,-,-,-,220,3,,,,,,,150,,,,,,,0
,,,AF (Al Fakher),Super Lemon Mint,✕,Normal,,0,-,-,-,-,0,,,,,,,,0,,,,,,,0,0,-,-,-,-,0,,,,,,,,0,,,,,,,0,0,0,-,-,-,0,,,,,,,,0,,,,,,,0,0,-,-,-,-,0,,,,,,,,0,,,,,,,0
,,,AF (Al Fakher),Two Apples,◯,Strong,2,"3,111",-,-,-,-,0,,,,,4,,,"1,000",,,,,,,0,"1,000",211,300,-,-,511,,,,,1,,,250,,,,,,,0,761,250,0,-,-,250,,,,,2,,,500,,,,,,,0,750,95,255,-,-,350,,,,,1,,,250,,,,,,,0
,,,AF (Al Fakher),(パチ) Two Apples,△,Strong,,108,-,-,-,-,0,,,,,,,,0,,,,,,,0,0,-,-,-,-,0,,,,,,,,0,,,,,,,0,0,0,-,-,-,0,,,,,,,,0,,,,,,,0,0,108,-,-,-,108,,,,,,,,0,,,,,,,0
,,,AF (Al Fakher),Vanilla,△,Sweet,1,"1,134",-,-,-,-,0,,,,,,,,0,,,,,,,0,0,190,-,-,-,190,,,,,1,,,250,,,,,,,0,440,134,-,-,-,134,,,,,,,,0,,,,,,,0,134,60,-,-,-,60,,,,,2,,,500,,,,,,,0
,,,AF (Al Fakher),(パチ) Watermelon,✕,Strong,,211,-,-,-,-,0,,,,,,,,0,,,,,,,0,0,-,-,-,-,0,,,,,,,,0,,,,,,,0,0,68,-,-,-,68,,,,,,,,0,,,,,,,0,68,143,-,-,-,143,,,,,,,,0,,,,,,,0
,,,AWE (Al Waha Elite Edition),Libella Swing,✕,Normal,,0,-,-,-,-,0,,,,,,,,0,,,,,,,0,0,-,-,-,-,0,,,,,,,,0,,,,,,,0,0,0,-,-,-,0,,,,,,,,0,,,,,,,0,0,0,-,-,-,0,,,,,,,,0,,,,,,,0
,,,AZ (Afzal),Chocolate,✕,Sweet,,24,-,-,-,-,0,,,,,,,,0,,,,,,,0,0,24,-,-,-,24,,,,,,,,0,,,,,,,0,24,0,-,-,-,0,,,,,,,,0,,,,,,,0,0,-,-,-,-,0,,,,,,,,0,,,,,,,0
,,,AZ (Afzal),Earlgray,◯,Strong,2,"2,644",-,-,-,-,0,,,,,,,,0,,,,,,,0,0,186,19,-,-,205,18,,,,,,,900,,,,,,,0,"1,105",59,266,-,-,325,5,,,,,,,250,,,,,,,0,575,105,259,-,-,364,12,,,,,,,600,,,,,,,0
,,,AZ (Afzal),Gingerale,◯,Normal,1,"1,897",-,-,-,-,0,10,,,,,,,500,,,,,,,0,500,126,-,-,-,126,5,,,,,,,250,,,,,,,0,376,220,-,-,-,220,,,,,,,,0,5,,,,,,250,470,27,224,-,-,251,6,,,,,,,300,,,,,,,0
,,,AZ (Afzal),Lychee,✕,Normal,,466,-,-,-,-,0,,,,,,,,0,,,,,,,0,0,-,-,-,-,0,,,,,,,,0,,,,,,,0,0,43,-,-,-,43,,,,,,,,0,2,,,,,,100,143,23,-,-,-,23,,,,,,,,0,6,,,,,,300
,,,AZ (Afzal),Pan Raas,✕,Strong,,"1,300",-,-,-,-,0,,,,,,,,0,,,,,,,0,0,-,-,-,-,0,,,,,,,,0,8,,,,,,400,400,-,-,-,-,0,,,,,,,,0,9,,,,,,450,450,-,-,-,-,0,3,,,,,,,150,6,,,,,,300
,,,AZ (Afzal),Red Cherry,✕,Strong,,0,-,-,-,-,0,,,,,,,,0,,,,,,,0,0,-,-,-,-,0,,,,,,,,0,,,,,,,0,0,0,-,-,-,0,,,,,,,,0,,,,,,,0,0,0,-,-,-,0,,,,,,,,0,,,,,,,0
,,,AZR GOLD (Azure Gold Line),Alaskan Ice,◯,Mint,2,"16,603",-,-,-,-,0,,130,,,,,,"13,000",,,,,,,0,"13,000",25,216,-,-,241,,3,,,,,,300,,5,,,,,500,"1,041",256,205,-,-,461,,,,,,,,0,,4,,,,,400,861,57,244,-,-,301,,9,,,,,,900,,5,,,,,500
,,,AZR GOLD (Azure Gold Line),Apple Cider,✕,Strong,,0,-,-,-,-,0,,,,,,,,0,,,,,,,0,0,-,-,-,-,0,,,,,,,,0,,,,,,,0,0,-,-,-,-,0,,,,,,,,0,,,,,,,0,0,-,-,-,-,0,,,,,,,,0,,,,,,,0
,,,AZR GOLD (Azure Gold Line),Barista'S Choice,◯,Sweet,1,"10,273",-,-,-,-,0,,100,,,,,,"10,000",,,,,,,0,"10,000",72,-,-,-,72,,,,,,,,0,,1,,,,,100,172,0,-,-,-,0,,,,,,,,0,,,,,,,0,0,101,-,-,-,101,,,,,,,,0,,,,,,,0
,,,AZR GOLD (Azure Gold Line),Bermuda Mint,◯,Mint,1,"17,531",-,-,-,-,0,,135,,,,,,"13,500",,,,,,,0,"13,500",136,205,-,-,341,,7,,,,,,700,,4,,,,,400,"1,441",231,211,-,-,442,,4,,,,,,400,,5,,,,,500,"1,342",133,215,-,-,348,,5,,,,,,500,,4,,,,,400
,,,AZR BLACK (Azure Black Line),Bermuda Mint(Black),✕,Mint,,0,-,-,-,-,0,,,,,,,,0,,,,,,,0,0,-,-,-,-,0,,,,,,,,0,,,,,,,0,0,-,-,-,-,0,,,,,,,,0,,,,,,,0,0,-,-,-,-,0,,,,,,,,0,,,,,,,0
,,,AZR GOLD (Azure Gold Line),Berrymania,◯,Strong,,"14,479",-,-,-,-,0,,125,,,,,,"12,500",,,,,,,0,"12,500",52,-,-,-,52,,,,,,,,0,,5,,,,,500,552,214,-,-,-,214,,,,,,,,0,,4,,,,,400,614,113,-,-,-,113,,2,,,,,,200,,5,,,,,500
,,,AZR GOLD (Azure Gold Line),Black Tea,◯,Strong,,"11,952",-,-,-,-,0,,100,,,,,,"10,000",,,,,,,0,"10,000",77,-,-,-,77,,1,,,,,,100,,5,,,,,500,677,41,-,-,-,41,,,,,,,,0,,4,,,,,400,441,134,-,-,-,134,,2,,,,,,200,,5,,,,,500
,,,AZR GOLD (Azure Gold Line),California Blue,◯,Normal,1,393,-,-,-,-,0,,,,,,,,0,,,,,,,0,0,76,-,-,-,76,,,,,,,,0,,,,,,,0,76,191,-,-,-,191,,,,,,,,0,,,,,,,0,191,126,-,-,-,126,,,,,,,,0,,,,,,,0
,,,AZR BLACK (Azure Black Line),California Blue (Black),✕,Normal,,"2,400",-,-,-,-,0,,10,,,,,,"1,000",,,,,,,0,"1,000",17,-,-,-,17,,,,,,,,0,,,,,,,0,17,73,-,-,-,73,,,,,,,,0,,3,,,,,300,373,10,-,-,-,10,,5,,,,,,500,,5,,,,,500
,,,AZR GOLD (Azure Gold Line),Carolina Peach,◯,Normal,1,"12,077",-,-,-,-,0,,90,,,,,,"9,000",,,,,,,0,"9,000",132,-,-,-,132,,4,,,,,,400,,5,,,,,500,"1,032",123,-,-,-,123,,3,,,,,,300,,4,,,,,400,823,122,-,-,-,122,,6,,,,,,600,,5,,,,,500
,,,AZR GOLD (Azure Gold Line),Chai Masala,◯,Strong,1,"17,808",-,-,-,-,0,,155,,,,,,"15,500",,,,,,,0,"15,500",130,-,-,-,130,,,,,,,,0,,3,,,,,300,430,218,-,-,-,218,,1,,,,,,100,,5,,,,,500,818,160,-,-,-,160,,4,,,,,,400,,5,,,,,500
,,,AZR GOLD (Azure Gold Line),Chocolate Cake,◯,Sweet,,"13,347",-,-,-,-,0,,110,,,,,,"11,000",,,,,,,0,"11,000",84,-,-,-,84,,,,,,,,0,,3,,,,,300,384,133,-,-,-,133,,9,,,,,,900,,2,,,,,200,"1,233",130,-,-,-,130,,1,,,,,,100,,5,,,,,500
,,,AZR GOLD (Azure Gold Line),Chocolate Mint,◯,Sweet,1,"15,665",-,-,-,-,0,,125,,,,,,"12,500",,,,,,,0,"12,500",222,-,-,-,222,,6,,,,,,600,,4,,,,,400,"1,222",185,-,-,-,185,,3,,,,,,300,,5,,,,,500,985,158,-,-,-,158,,5,,,,,,500,,3,,,,,300
,,,AZR GOLD (Azure Gold Line),Cinnamon Cookies,◯,Sweet,1,"11,961",-,-,-,-,0,,95,,,,,,"9,500",,,,,,,0,"9,500",152,273,-,-,425,,,,,,,,0,,4,,,,,400,825,96,0,-,-,96,,3,,,,,,300,,5,,,,,500,896,240,-,-,-,240,,,,,,,,0,,5,,,,,500
,,,AZR GOLD (Azure Gold Line),Cocomania,◯,Normal,1,434,-,-,-,-,0,,,,,,,,0,,,,,,,0,0,146,-,-,-,146,,,,,,,,0,,,,,,,0,146,132,-,-,-,132,,,,,,,,0,,,,,,,0,132,156,-,-,-,156,,,,,,,,0,,,,,,,0
,,,AZR GOLD (Azure Gold Line),Copacabana,✕,Normal,,202,-,-,-,-,0,,,,,,,,0,,,,,,,0,0,101,-,-,-,101,,,,,,,,0,,,,,,,0,101,30,-,-,-,30,,,,,,,,0,,,,,,,0,30,71,-,-,-,71,,,,,,,,0,,,,,,,0
,,,AZR GOLD (Azure Gold Line),Cucumelon,✕,Normal,,227,-,-,-,-,0,,,,,,,,0,,,,,,,0,0,24,-,-,-,24,,,,,,,,0,,1,,,,,100,124,0,-,-,-,0,,,,,,,,0,,,,,,,0,0,103,-,-,-,103,,,,,,,,0,,,,,,,0
,,,AZR GOLD (Azure Gold Line),D Cherry,✕,Strong,,0,-,-,-,-,0,,,,,,,,0,,,,,,,0,0,-,-,-,-,0,,,,,,,,0,,,,,,,0,0,0,-,-,-,0,,,,,,,,0,,,,,,,0,0,-,-,-,-,0,,,,,,,,0,,,,,,,0
,,,AZR GOLD (Azure Gold Line),Down Under,◯,Normal,2,"19,296",-,-,-,-,0,,160,,,,,,"16,000",,,,,,,0,"16,000",14,220,-,-,234,,4,,,,,,400,,5,,,,,500,"1,134",68,0,-,-,68,,7,,,,,,700,,1,,,,,100,868,180,214,-,-,394,,5,,,,,,500,,4,,,,,400
,,,AZR BLACK (Azure Black Line),Down Under (Black),✕,Normal,,"5,000",-,-,-,-,0,,50,,,,,,"5,000",,,,,,,0,"5,000",-,-,-,-,0,,,,,,,,0,,,,,,,0,0,-,-,-,-,0,,,,,,,,0,,,,,,,0,0,-,-,-,-,0,,,,,,,,0,,,,,,,0
,,,AZR BLACK (Azure Black Line),Dubai Apple (Black),✕,Strong,,"4,023",-,-,-,-,0,,33,,,,,,"3,300",,,,,,,0,"3,300",51,-,-,-,51,,,,,,,,0,,1,,,,,100,151,54,-,-,-,54,,,,,,,,0,,1,,,,,100,154,18,-,-,-,18,,,,,,,,0,,4,,,,,400
,,,AZR GOLD (Azure Gold Line),Grapefruit,◯,Normal,2,"22,172",-,-,-,-,0,,195,,,,,,"19,500",,,,,,,0,"19,500",212,14,-,-,226,,4,,,,,,400,,,,,,,0,626,175,-,-,-,175,,6,,,,,,600,,,,,,,0,775,168,203,-,-,371,,4,,,,,,400,,5,,,,,500
,,,AZR GOLD (Azure Gold Line),Green Tea,◯,Normal,2,"22,860",-,-,-,-,0,,195,,,,,,"19,500",,,,,,,0,"19,500",33,213,-,-,246,,5,,,,,,500,,5,,,,,500,"1,246",128,213,-,-,341,,,,,,,,0,,5,,,,,500,841,129,244,-,-,373,,5,,,,,,500,,4,,,,,400
,,,AZR BLACK (Azure Black Line),Green Tea (Black),✕,Normal,,"5,966",-,-,-,-,0,,53,,,,,,"5,300",,,,,,,0,"5,300",79,-,-,-,79,,1,,,,,,100,,1,,,,,100,279,66,-,-,-,66,,,,,,,,0,,1,,,,,100,166,21,-,-,-,21,,,,,,,,0,,2,,,,,200
,,,AZR GOLD (Azure Gold Line),Guavi,◯,Normal,1,"7,817",-,-,-,-,0,,55,,,,,,"5,500",,,,,,,0,"5,500",248,-,-,-,248,,,,,,,,0,,5,,,,,500,748,205,-,-,-,205,,4,,,,,,400,,3,,,,,300,905,164,-,-,-,164,,1,,,,,,100,,4,,,,,400
,,,AZR GOLD (Azure Gold Line),Ice Lime,✕,Normal,,"10,000",-,-,-,-,0,,100,,,,,,"10,000",,,,,,,0,"10,000",-,-,-,-,0,,,,,,,,0,,,,,,,0,0,-,-,-,-,0,,,,,,,,0,,,,,,,0,0,-,-,-,-,0,,,,,,,,0,,,,,,,0
,,,AZR GOLD (Azure Gold Line),Ice Pear,◯,Normal,1,"20,933",-,-,-,-,0,,185,,,,,,"18,500",,,,,,,0,"18,500",62,251,-,-,313,,5,,,,,,500,,,,,,,0,813,73,-,-,-,73,,6,,,,,,600,,,,,,,0,673,241,206,-,-,447,,5,,,,,,500,,,,,,,0
,,,AZR BLACK (Azure Black Line),Island City Blend(Black),✕,Strong,,"10,009",-,-,-,-,0,,100,,,,,,"10,000",,,,,,,0,"10,000",9,-,-,-,9,,,,,,,,0,,,,,,,0,9,0,-,-,-,0,,,,,,,,0,,,,,,,0,0,0,-,-,-,0,,,,,,,,0,,,,,,,0
,,,AZR GOLD (Azure Gold Line),Jasmine,◯,Strong,2,"19,953",-,-,-,-,0,,160,,,,,,"16,000",,,,,,,0,"16,000",122,-,-,-,122,,9,,,,,,900,,5,,,,,500,"1,522",148,0,-,-,148,,5,,,,,,500,,5,,,,,500,"1,148",161,222,-,-,383,,4,,,,,,400,,5,,,,,500
,,,AZR GOLD (Azure Gold Line),Jungle Juice,◯,Normal,1,"8,300",-,-,-,-,0,,54,,,,,,"5,400",,,,,,,0,"5,400",94,-,-,-,94,,7,,,,,,700,,5,,,,,500,"1,294",102,-,-,-,102,,2,,,,,,200,,5,,,,,500,802,204,-,-,-,204,,2,,,,,,200,,4,,,,,400
,,,AZR GOLD (Azure Gold Line),Kokutou,◯,Sweet,2,"21,965",-,-,-,-,0,,185,,,,,,"18,500",,,,,,,0,"18,500",178,235,-,-,413,,6,,,,,,600,,5,,,,,500,"1,513",278,209,-,-,487,,,,,,,,0,,3,,,,,300,787,250,215,-,-,465,,2,,,,,,200,,5,,,,,500
,,,AZR BLACK (Azure Black Line),Kokutou (Black),✕,Sweet,,"8,264",-,-,-,-,0,,70,,,,,,"7,000",,,,,,,0,"7,000",74,-,-,-,74,,2,,,,,,200,,1,,,,,100,374,46,-,-,-,46,,,,,,,,0,,3,,,,,300,346,44,-,-,-,44,,,,,,,,0,,5,,,,,500
,,,AZR GOLD (Azure Gold Line),Lemongrass,◯,Normal,1,"14,852",-,-,-,-,0,,115,,,,,,"11,500",,,,,,,0,"11,500",133,-,-,-,133,,5,,,,,,500,,5,,,,,500,"1,133",104,-,-,-,104,,,,,,,,0,,6,,,,,600,704,61,254,-,-,315,,7,,,,,,700,,5,,,,,500
,,,AZR BLACK (Azure Black Line),Lemongrass (Black),✕,Normal,,"4,421",-,-,-,-,0,,35,,,,,,"3,500",,,,,,,0,"3,500",0,-,-,-,0,,,,,,,,0,,1,,,,,100,100,-,-,-,-,0,,,,,,,,0,,,,,,,0,0,21,-,-,-,21,,3,,,,,,300,,5,,,,,500
,,,AZR GOLD (Azure Gold Line),Lemon Muffin,◯,Normal,1,"2,733",-,-,-,-,0,,5,,,,,,500,,,,,,,0,500,144,-,-,-,144,,5,,,,,,500,,5,,,,,500,"1,144",132,-,-,-,132,,,,,,,,0,,1,,,,,100,232,157,-,-,-,157,,2,,,,,,200,,5,,,,,500
,,,AZR GOLD (Azure Gold Line),Lemon Sage,◯,Normal,1,"16,602",-,-,-,-,0,,125,,,,,,"12,500",,,,,,,0,"12,500",165,-,-,-,165,,5,,,,,,500,,5,,,,,500,"1,165",128,-,-,-,128,,9,,,,,,900,,5,,,,,500,"1,528",92,217,-,-,309,,8,,,,,,800,,3,,,,,300
,,,AZR GOLD (Azure Gold Line),Lime,◯,Normal,1,"17,303",-,-,-,-,0,,135,,,,,,"13,500",,,,,,,0,"13,500",132,224,-,-,356,,4,,,,,,400,,5,,,,,500,"1,256",102,-,-,-,102,,5,,,,,,500,,5,,,,,500,"1,102",228,217,-,-,445,,5,,,,,,500,,5,,,,,500
,,,AZR GOLD (Azure Gold Line),Lime Cola,✕,Normal,,"1,272",-,-,-,-,0,,0,,,,,,0,,,,,,,0,0,70,-,-,-,70,,,,,,,,0,,4,,,,,400,470,124,-,-,-,124,,,,,,,,0,,4,,,,,400,524,178,-,-,-,178,,,,,,,,0,,1,,,,,100
,,,AZR GOLD (Azure Gold Line),Limoncello,◯,Normal,2,"22,362",-,-,-,-,0,,185,,,,,,"18,500",,,,,,,0,"18,500",214,18,-,-,232,,7,,,,,,700,,3,,,,,300,"1,232",119,217,-,-,336,,4,,,,,,400,,5,,,,,500,"1,236",178,216,-,-,394,,5,,,,,,500,,5,,,,,500
,,,AZR BLACK (Azure Black Line),Limoncello (Black),✕,Normal,,"6,285",-,-,-,-,0,,50,,,,,,"5,000",,,,,,,0,"5,000",90,-,-,-,90,,1,,,,,,100,,1,,,,,100,290,0,-,-,-,0,,,,,,,,0,,1,,,,,100,100,95,-,-,-,95,,4,,,,,,400,,4,,,,,400
,,,AZR GOLD (Azure Gold Line),Lychee,◯,Normal,2,"30,148",-,-,-,-,0,,265,,,,,,"26,500",,,,,,,0,"26,500",95,220,-,-,315,,7,,,,,,700,,5,,,,,500,"1,515",254,260,-,-,514,,,,,,,,0,,3,,,,,300,814,109,210,-,-,319,,5,,,,,,500,,5,,,,,500
,,,AZR BLACK (Azure Black Line),Lychee (Black),✕,Normal,,"2,381",-,-,-,-,0,,9,,,,,,900,,,,,,,0,900,207,-,-,-,207,,2,,,,,,200,,1,,,,,100,507,29,-,-,-,29,,,,,,,,0,,3,,,,,300,329,145,-,-,-,145,,,,,,,,0,,5,,,,,500
,,,AZR GOLD (Azure Gold Line),Mexicola,◯,Strong,2,"17,554",-,-,-,-,0,,135,,,,,,"13,500",,,,,,,0,"13,500",100,235,-,-,335,,5,,,,,,500,,5,,,,,500,"1,335",175,211,-,-,386,,3,,,,,,300,,5,,,,,500,"1,186",128,205,-,-,333,,7,,,,,,700,,5,,,,,500
,,,AZR BLACK (Azure Black Line),Mexicola (Black),✕,Strong,,"4,900",-,-,-,-,0,,49,,,,,,"4,900",,,,,,,0,"4,900",-,-,-,-,0,,,,,,,,0,,,,,,,0,0,-,-,-,-,0,,,,,,,,0,,,,,,,0,0,-,-,-,-,0,,,,,,,,0,,,,,,,0
,,,AZR GOLD (Azure Gold Line),New Grape Mint,◯,Normal,1,"16,743",-,-,-,-,0,,140,,,,,,"14,000",,,,,,,0,"14,000",139,-,-,-,139,,3,,,,,,300,,5,,,,,500,939,230,-,-,-,230,,,,,,,,0,,3,,,,,300,530,74,-,-,-,74,,7,,,,,,700,,5,,,,,500
,,,AZR GOLD (Azure Gold Line),Orange Crush,✕,Normal,,"14,960",-,-,-,-,0,,125,,,,,,"12,500",,,,,,,0,"12,500",64,-,-,-,64,,3,,,,,,300,,4,,,,,400,764,179,-,-,-,179,,,,,,,,0,,2,,,,,200,379,117,-,-,-,117,,7,,,,,,700,,5,,,,,500
,,,AZR BLACK (Azure Black Line),Orange Crush (Black),✕,Normal,,"6,822",-,-,-,-,0,,56,,,,,,"5,600",,,,,,,0,"5,600",112,-,-,-,112,,1,,,,,,100,,1,,,,,100,312,47,-,-,-,47,,,,,,,,0,,3,,,,,300,347,63,-,-,-,63,,,,,,,,0,,5,,,,,500
,,,AZR GOLD (Azure Gold Line),Papaya,✕,Normal,,140,-,-,-,-,0,,,,,,,,0,,,,,,,0,0,58,-,-,-,58,,,,,,,,0,,,,,,,0,58,56,-,-,-,56,,,,,,,,0,,,,,,,0,56,26,-,-,-,26,,,,,,,,0,,,,,,,0
,,,AZR GOLD (Azure Gold Line),Passion Fruit,◯,Normal,1,"18,229",-,-,-,-,0,,150,,,,,,"15,000",,,,,,,0,"15,000",107,-,-,-,107,,6,,,,,,600,,5,,,,,500,"1,207",178,-,-,-,178,,,,,,,,0,,5,,,,,500,678,144,-,-,-,144,,7,,,,,,700,,5,,,,,500
,,,AZR BLACK (Azure Black Line),Passion Fruit (Black),✕,Normal,,0,-,-,-,-,0,,,,,,,,0,,,,,,,0,0,-,-,-,-,0,,,,,,,,0,,,,,,,0,0,0,-,-,-,0,,,,,,,,0,,,,,,,0,0,-,-,-,-,0,,,,,,,,0,,,,,,,0
,,,AZR BLACK (Azure Black Line),Pineapple (Black),✕,Normal,,0,-,-,-,-,0,,,,,,,,0,,,,,,,0,0,-,-,-,-,0,,,,,,,,0,,,,,,,0,0,-,-,-,-,0,,,,,,,,0,,,,,,,0,0,-,-,-,-,0,,,,,,,,0,,,,,,,0
,,,AZR GOLD (Azure Gold Line),Pineapple Express,◯,Normal,1,"17,165",-,-,-,-,0,,135,,,,,,"13,500",,,,,,,0,"13,500",216,-,-,-,216,,3,,,,,,300,,5,,,,,500,"1,016",149,-,-,-,149,,6,,,,,,600,,4,,,,,400,"1,149",200,-,-,-,200,,8,,,,,,800,,5,,,,,500
,,,AZR GOLD (Azure Gold Line),Pinky,✕,Normal,,0,-,-,-,-,0,,,,,,,,0,,,,,,,0,0,-,-,-,-,0,,,,,,,,0,,,,,,,0,0,0,-,-,-,0,,,,,,,,0,,,,,,,0,0,-,-,-,-,0,,,,,,,,0,,,,,,,0
,,,AZR GOLD (Azure Gold Line),Plumberry,✕,Normal,,0,-,-,-,-,0,,,,,,,,0,,,,,,,0,0,-,-,-,-,0,,,,,,,,0,,,,,,,0,0,-,-,-,-,0,,,,,,,,0,,,,,,,0,0,-,-,-,-,0,,,,,,,,0,,,,,,,0
,,,AZR GOLD (Azure Gold Line),Queen Of Fruits,◯,Normal,1,"15,749",-,-,-,-,0,,130,,,,,,"13,000",,,,,,,0,"13,000",248,-,-,-,248,,,,,,,,0,,4,,,,,400,648,85,0,-,-,85,,3,,,,,,300,,4,,,,,400,785,216,-,-,-,216,,6,,,,,,600,,5,,,,,500
,,,AZR BLACK (Azure Black Line),Queen Of Fruits (Black),✕,Normal,,598,-,-,-,-,0,,,,,,,,0,,,,,,,0,0,39,-,-,-,39,,,,,,,,0,,,,,,,0,39,89,-,-,-,89,,,,,,,,0,,1,,,,,100,189,70,-,-,-,70,,,,,,,,0,,3,,,,,300
,,,AZR GOLD (Azure Gold Line),Raspberry Vanilla,✕,Strong,,127,-,-,-,-,0,,,,,,,,0,,,,,,,0,0,55,-,-,-,55,,,,,,,,0,,,,,,,0,55,0,-,-,-,0,,,,,,,,0,,,,,,,0,0,72,-,-,-,72,,,,,,,,0,,,,,,,0
,,,AZR GOLD (Azure Gold Line),Rio Mint,✕,Mint,,"10,573",-,-,-,-,0,,70,,,,,,"7,000",,,,,,,0,"7,000",90,-,-,-,90,,6,,,,,,600,,5,,,,,500,"1,190",102,-,-,-,102,,6,,,,,,600,,4,,,,,400,"1,102",181,-,-,-,181,,6,,,,,,600,,5,,,,,500
,,,AZR BLACK (Azure Black Line),Royal Citrus (Black),✕,Normal,,301,-,-,-,-,0,,0,,,,,,0,,,,,,,0,0,60,-,-,-,60,,,,,,,,0,,1,,,,,100,160,100,-,-,-,100,,,,,,,,0,,,,,,,0,100,41,-,-,-,41,,,,,,,,0,,,,,,,0
,,,AZR GOLD (Azure Gold Line),Royal Mango,◯,Normal,1,"14,816",-,-,-,-,0,,120,,,,,,"12,000",,,,,,,0,"12,000",135,-,-,-,135,,,,,,,,0,,3,,,,,300,435,253,-,-,-,253,,7,,,,,,700,,5,,,,,500,"1,453",11,217,-,-,228,,2,,,,,,200,,5,,,,,500
,,,AZR BLACK (Azure Black Line),Royal Orange (Black),✕,Normal,,0,-,-,-,-,0,,,,,,,,0,,,,,,,0,0,-,-,-,-,0,,,,,,,,0,,,,,,,0,0,0,-,-,-,0,,,,,,,,0,,,,,,,0,0,-,-,-,-,0,,,,,,,,0,,,,,,,0
,,,AZR GOLD (Azure Gold Line),Royal Queen,✕,Strong,,203,-,-,-,-,0,,,,,,,,0,,,,,,,0,0,76,-,-,-,76,,,,,,,,0,,,,,,,0,76,127,-,-,-,127,,,,,,,,0,,,,,,,0,127,0,-,-,-,0,,,,,,,,0,,,,,,,0
,,,AZR GOLD (Azure Gold Line),Royal Raspberry,✕,Strong,,0,-,-,-,-,0,,,,,,,,0,,,,,,,0,0,-,-,-,-,0,,,,,,,,0,,,,,,,0,0,0,-,-,-,0,,,,,,,,0,,,,,,,0,0,-,-,-,-,0,,,,,,,,0,,,,,,,0
,,,AZR GOLD (Azure Gold Line),Solana Beach,✕,Normal,,670,-,-,-,-,0,,,,,,,,0,,,,,,,0,0,46,-,-,-,46,,,,,,,,0,,3,,,,,300,346,44,-,-,-,44,,,,,,,,0,,1,,,,,100,144,80,-,-,-,80,,,,,,,,0,,1,,,,,100
,,,AZR GOLD (Azure Gold Line),Sour,◯,Normal,1,"9,361",-,-,-,-,0,,65,,,,,,"6,500",,,,,,,0,"6,500",136,-,-,-,136,,,,,,,,0,,5,,,,,500,636,79,-,-,-,79,,3,,,,,,300,,5,,,,,500,879,146,-,-,-,146,,7,,,,,,700,,5,,,,,500
,,,AZR BLACK (Azure Black Line),Sour (Black),✕,Normal,,84,-,-,-,-,0,,,,,,,,0,,,,,,,0,0,36,-,-,-,36,,,,,,,,0,,,,,,,0,36,0,-,-,-,0,,,,,,,,0,,,,,,,0,0,48,-,-,-,48,,,,,,,,0,,,,,,,0
,,,AZR GOLD (Azure Gold Line),Strawberry Passion,✕,Normal,,71,-,-,-,-,0,,,,,,,,0,,,,,,,0,0,71,-,-,-,71,,,,,,,,0,,,,,,,0,71,0,-,-,-,0,,,,,,,,0,,,,,,,0,0,-,-,-,-,0,,,,,,,,0,,,,,,,0
,,,AZR GOLD (Azure Gold Line),Strong Lychee,✕,Normal,,20,-,-,-,-,0,,,,,,,,0,,,,,,,0,0,20,-,-,-,20,,,,,,,,0,,,,,,,0,20,0,-,-,-,0,,,,,,,,0,,,,,,,0,0,-,-,-,-,0,,,,,,,,0,,,,,,,0
,,,AZR GOLD (Azure Gold Line),Tropical Paradise,◯,Normal,1,"18,537",-,-,-,-,0,,155,,,,,,"15,500",,,,,,,0,"15,500",76,-,-,-,76,,6,,,,,,600,,5,,,,,500,"1,176",167,-,-,-,167,,1,,,,,,100,,4,,,,,400,667,173,221,-,-,394,,3,,,,,,300,,5,,,,,500
,,,AZR GOLD (Azure Gold Line),Vanilla Bean,◯,Sweet,1,"16,477",-,-,-,-,0,,125,,,,,,"12,500",,,,,,,0,"12,500",56,-,-,-,56,,6,,,,,,600,,3,,,,,300,956,174,-,-,-,174,,8,,,,,,800,,5,,,,,500,"1,474",147,-,-,-,147,,9,,,,,,900,,5,,,,,500
,,,AZR GOLD (Azure Gold Line),Viva La Horchata,◯,Sweet,1,"8,682",-,-,-,-,0,,60,,,,,,"6,000",,,,,,,0,"6,000",78,-,-,-,78,,5,,,,,,500,,5,,,,,500,"1,078",167,-,-,-,167,,,,,,,,0,,4,,,,,400,567,137,-,-,-,137,,4,,,,,,400,,5,,,,,500
,,,AZR GOLD (Azure Gold Line),Winter Rose,✕,Strong,,0,-,-,-,-,0,,,,,,,,0,,,,,,,0,0,-,-,-,-,0,,,,,,,,0,,,,,,,0,0,-,-,-,-,0,,,,,,,,0,,,,,,,0,0,-,-,-,-,0,,,,,,,,0,,,,,,,0
,,,DBJ (Debaj),Blue Berry,✕,Normal,,0,-,-,-,-,0,,,,,,,,0,,,,,,,0,0,-,-,-,-,0,,,,,,,,0,,,,,,,0,0,-,-,-,-,0,,,,,,,,0,,,,,,,0,0,-,-,-,-,0,,,,,,,,0,,,,,,,0
,,,DBJ (Debaj),Cardamom,✕,Strong,,0,-,-,-,-,0,,,,,,,,0,,,,,,,0,0,-,-,-,-,0,,,,,,,,0,,,,,,,0,0,-,-,-,-,0,,,,,,,,0,,,,,,,0,0,-,-,-,-,0,,,,,,,,0,,,,,,,0
,,,DBJ (Debaj),Guava,✕,Strong,,0,-,-,-,-,0,,,,,,,,0,,,,,,,0,0,-,-,-,-,0,,,,,,,,0,,,,,,,0,0,-,-,-,-,0,,,,,,,,0,,,,,,,0,0,-,-,-,-,0,,,,,,,,0,,,,,,,0
,,,DBJ (Debaj),Ice Grapefruit,✕,Normal,,0,-,-,-,-,0,,,,,,,,0,,,,,,,0,0,-,-,-,-,0,,,,,,,,0,,,,,,,0,0,0,-,-,-,0,,,,,,,,0,,,,,,,0,0,-,-,-,-,0,,,,,,,,0,,,,,,,0
,,,DBJ (Debaj),Ice Orange Cream,✕,Normal,,0,-,-,-,-,0,,,,,,,,0,,,,,,,0,0,-,-,-,-,0,,,,,,,,0,,,,,,,0,0,-,-,-,-,0,,,,,,,,0,,,,,,,0,0,-,-,-,-,0,,,,,,,,0,,,,,,,0
,,,DBJ (Debaj),Milk,◯,Sweet,2,"2,107",-,-,-,-,0,0,,,,,,,0,,,,,,,0,0,222,247,-,-,469,,,,,,,,0,,,,,,,0,469,75,221,-,-,296,10,,,,,,,500,,,,,,,0,796,123,219,-,-,342,10,,,,,,,500,,,,,,,0
,,,DZJ (Dozaj),Cinnamon,✕,Sweet,,0,-,-,-,-,0,,,,,,,,0,,,,,,,0,0,-,-,-,-,0,,,,,,,,0,,,,,,,0,0,-,-,-,-,0,,,,,,,,0,,,,,,,0,0,-,-,-,-,0,,,,,,,,0,,,,,,,0
,,,DZJ (Dozaj),Dragon Fruits,✕,Normal,,0,-,-,-,-,0,,,,,,,,0,,,,,,,0,0,-,-,-,-,0,,,,,,,,0,,,,,,,0,0,-,-,-,-,0,,,,,,,,0,,,,,,,0,0,-,-,-,-,0,,,,,,,,0,,,,,,,0
,,,DZJ (Dozaj),Nesquickly,✕,Sweet,,0,-,-,-,-,0,,,,,,,,0,,,,,,,0,0,-,-,-,-,0,,,,,,,,0,,,,,,,0,0,-,-,-,-,0,,,,,,,,0,,,,,,,0,0,-,-,-,-,0,,,,,,,,0,,,,,,,0
,,,DZJ (Dozaj),Peanut Butter,✕,Sweet,,0,-,-,-,-,0,,,,,,,,0,,,,,,,0,0,-,-,-,-,0,,,,,,,,0,,,,,,,0,0,-,-,-,-,0,,,,,,,,0,,,,,,,0,0,-,-,-,-,0,,,,,,,,0,,,,,,,0
,,,FA (Fantasia),Hush Honey,◯,Sweet,1,46,-,-,-,-,0,,,,,,,,0,,,,,,,0,0,-,-,-,-,0,,,,,,,,0,,,,,,,0,0,32,-,-,-,32,,,,,,,,0,,,,,,,0,32,14,-,-,-,14,,,,,,,,0,,,,,,,0
,,,FM (Fumari),Banana Custard,✕,Sweet,,241,-,-,-,-,0,,,,,,,,0,,,,,,,0,0,-,-,-,-,0,,,,,,,,0,,,,,,,0,0,167,-,-,-,167,,,,,,,,0,,,,,,,0,167,74,-,-,-,74,,,,,,,,0,,,,,,,0
,,,FM (Fumari),Caramel Kiss,✕,Sweet,,25,-,-,-,-,0,,,,,,,,0,,,,,,,0,0,25,-,-,-,25,,,,,,,,0,,,,,,,0,25,-,-,-,-,0,,,,,,,,0,,,,,,,0,0,-,-,-,-,0,,,,,,,,0,,,,,,,0
,,,FM (Fumari),Lemon Mint,✕,Normal,,206,-,-,-,-,0,,,,,,,,0,,,,,,,0,0,31,-,-,-,31,,,,,,,,0,,,,,,,0,31,75,-,-,-,75,,,,,,,,0,,1,,,,,100,175,-,-,-,-,0,,,,,,,,0,,,,,,,0
,,,FM (Fumari),Spiced Chai,◯,Sweet,1,"2,164",-,-,-,-,0,,6,,,,,,600,,,,,,,0,600,187,-,-,-,187,,4,,,,,,400,,,,,,,0,587,72,-,-,-,72,,,,,,,,0,,3,,,,,300,372,105,-,-,-,105,,,,,,,,0,,5,,,,,500
,,,GXM (Gixom),Cheese Cream,✕,Sweet,,0,-,-,-,-,0,,,,,,,,0,,,,,,,0,0,-,-,-,-,0,,,,,,,,0,,,,,,,0,0,-,-,-,-,0,,,,,,,,0,,,,,,,0,0,-,-,-,-,0,,,,,,,,0,,,,,,,0
,,,GXM (Gixom),Chocolate Milk,✕,Sweet,,0,-,-,-,-,0,,,,,,,,0,,,,,,,0,0,-,-,-,-,0,,,,,,,,0,,,,,,,0,0,-,-,-,-,0,,,,,,,,0,,,,,,,0,0,-,-,-,-,0,,,,,,,,0,,,,,,,0
,,,GXM (Gixom),Jasmine,✕,Strong,,0,-,-,-,-,0,,,,,,,,0,,,,,,,0,0,-,-,-,-,0,,,,,,,,0,,,,,,,0,0,-,-,-,-,0,,,,,,,,0,,,,,,,0,0,-,-,-,-,0,,,,,,,,0,,,,,,,0
,,,GXM (Gixom),Pistachio Ice Cream,✕,Sweet,,0,-,-,-,-,0,,,,,,,,0,,,,,,,0,0,-,-,-,-,0,,,,,,,,0,,,,,,,0,0,-,-,-,-,0,,,,,,,,0,,,,,,,0,0,-,-,-,-,0,,,,,,,,0,,,,,,,0
,,,GXM (Gixom),Strawberry Yoghurt,✕,Sweet,,0,-,-,-,-,0,,,,,,,,0,,,,,,,0,0,-,-,-,-,0,,,,,,,,0,,,,,,,0,0,-,-,-,-,0,,,,,,,,0,,,,,,,0,0,-,-,-,-,0,,,,,,,,0,,,,,,,0
,,,GXM (Gixom),Tiramisu,✕,Sweet,,0,-,-,-,-,0,,,,,,,,0,,,,,,,0,0,-,-,-,-,0,,,,,,,,0,,,,,,,0,0,-,-,-,-,0,,,,,,,,0,,,,,,,0,0,0,-,-,-,0,,,,,,,,0,,,,,,,0
,,,HF (Hookafina),Blueberry Lemonade,✕,Normal,,251,-,-,-,-,0,,,,,,,,0,,,,,,,0,0,-,-,-,-,0,,,,,,,,0,,,,,,,0,0,34,-,-,-,34,,,,,,,,0,,2,,,,,200,234,17,-,-,-,17,,,,,,,,0,,,,,,,0
,,,HF (Hookafina),Cucumber Lemonade,✕,Normal,,270,-,-,-,-,0,,,,,,,,0,,,,,,,0,0,-,-,-,-,0,,,,,,,,0,,,,,,,0,0,45,-,-,-,45,,,,,,,,0,,2,,,,,200,245,25,-,-,-,25,,,,,,,,0,,,,,,,0
,,,HF (Hookafina),Deja Blu,✕,Normal,,"1,588",-,-,-,-,0,,7,,,,,,700,,,,,,,0,700,-,-,-,-,0,,,,,,,,0,,,,,,,0,0,54,23,-,-,77,,,,,,,,0,,2,,,,,200,277,11,-,-,-,11,,5,,,,,,500,,1,,,,,100
,,,HF (Hookafina),Double Melon Blast,✕,Normal,,0,-,-,-,-,0,,,,,,,,0,,,,,,,0,0,-,-,-,-,0,,,,,,,,0,,,,,,,0,0,0,-,-,-,0,,,,,,,,0,,,,,,,0,0,0,-,-,-,0,,,,,,,,0,,,,,,,0
,,,HF (Hookafina),Dragon Fruit,✕,Normal,,0,-,-,-,-,0,,,,,,,,0,,,,,,,0,0,-,-,-,-,0,,,,,,,,0,,,,,,,0,0,0,-,-,-,0,,,,,,,,0,,,,,,,0,0,-,-,-,-,0,,,,,,,,0,,,,,,,0
,,,HF (Hookafina),Grapefruit Mint,✕,Normal,,63,-,-,-,-,0,,,,,,,,0,,,,,,,0,0,-,-,-,-,0,,,,,,,,0,,,,,,,0,0,63,-,-,-,63,,,,,,,,0,,,,,,,0,63,-,-,-,-,0,,,,,,,,0,,,,,,,0
,,,HF (Hookafina),Limeade,✕,Normal,,0,-,-,-,-,0,,,,,,,,0,,,,,,,0,0,-,-,-,-,0,,,,,,,,0,,,,,,,0,0,-,-,-,-,0,,,,,,,,0,,,,,,,0,0,-,-,-,-,0,,,,,,,,0,,,,,,,0
,,,HF (Hookafina),Mangolada,✕,Normal,,362,-,-,-,-,0,,,,,,,,0,,,,,,,0,0,-,-,-,-,0,,,,,,,,0,,,,,,,0,0,90,-,-,-,90,,,,,,,,0,,1,,,,,100,190,72,-,-,-,72,,,,,,,,0,,1,,,,,100
,,,HF (Hookafina),Melon Pop,✕,Normal,,0,-,-,-,-,0,,,,,,,,0,,,,,,,0,0,-,-,-,-,0,,,,,,,,0,,,,,,,0,0,0,0,-,-,0,,,,,,,,0,,,,,,,0,0,0,-,-,-,0,,,,,,,,0,,,,,,,0
,,,HF (Hookafina),Mint Knockout,✕,Mint,,164,-,-,-,-,0,,,,,,,,0,,,,,,,0,0,-,-,-,-,0,,,,,,,,0,,,,,,,0,0,164,-,-,-,164,,,,,,,,0,,,,,,,0,164,-,-,-,-,0,,,,,,,,0,,,,,,,0
,,,HF (Hookafina),Orange Mint,✕,Normal,,216,-,-,-,-,0,,,,,,,,0,,,,,,,0,0,-,-,-,-,0,,,,,,,,0,,,,,,,0,0,216,-,-,-,216,,,,,,,,0,,,,,,,0,216,-,-,-,-,0,,,,,,,,0,,,,,,,0
,,,HF (Hookafina),Peppermint,✕,Mint,,"2,005",-,-,-,-,0,,8,,,,,,800,,,,,,,0,800,-,-,-,-,0,,,,,,,,0,,,,,,,0,0,35,-,-,-,35,,,,,,,,0,,3,,,,,300,335,70,-,-,-,70,,6,,,,,,600,,2,,,,,200
,,,HF (Hookafina),Pinkberry,✕,Normal,,0,-,-,-,-,0,,,,,,,,0,,,,,,,0,0,-,-,-,-,0,,,,,,,,0,,,,,,,0,0,-,-,-,-,0,,,,,,,,0,,,,,,,0,0,-,-,-,-,0,,,,,,,,0,,,,,,,0
,,,HF (Hookafina),Pink Grapefruit,✕,Normal,,0,-,-,-,-,0,,,,,,,,0,,,,,,,0,0,-,-,-,-,0,,,,,,,,0,,,,,,,0,0,-,-,-,-,0,,,,,,,,0,,,,,,,0,0,-,-,-,-,0,,,,,,,,0,,,,,,,0
,,,HF (Hookafina),Salted Caramel Waffle,◯,Sweet,1,"6,228",-,-,-,-,0,,20,,,,,,"2,000",,,,,,,0,"2,000",135,-,-,-,135,,11,,,,,,"1,100",,,,,,,0,"1,235",140,-,-,-,140,,13,,,,,,"1,300",,1,,,,,100,"1,540",42,211,-,-,253,,12,,,,,,"1,200",,,,,,,0
,,,HF (Hookafina),Spicy Peach,✕,Normal,,7,-,-,-,-,0,,,,,,,,0,,,,,,,0,0,-,-,-,-,0,,,,,,,,0,,,,,,,0,0,7,-,-,-,7,,,,,,,,0,,,,,,,0,7,-,-,-,-,0,,,,,,,,0,,,,,,,0
,,,HF (Hookafina),Strawberry Margarita,✕,Normal,,426,-,-,-,-,0,,,,,,,,0,,,,,,,0,0,-,-,-,-,0,,,,,,,,0,,,,,,,0,0,26,-,-,-,26,,,,,,,,0,,3,,,,,300,326,100,-,-,-,100,,,,,,,,0,,,,,,,0
,,,HF (Hookafina),Tutti Fruiti,✕,Normal,,0,-,-,-,-,0,,,,,,,,0,,,,,,,0,0,-,-,-,-,0,,,,,,,,0,,,,,,,0,0,-,-,-,-,0,,,,,,,,0,,,,,,,0,0,-,-,-,-,0,,,,,,,,0,,,,,,,0
,,,HF (Hookafina),Vanilla Shake,✕,Sweet,,"1,389",-,-,-,-,0,,5,,,,,,500,,,,,,,0,500,-,-,-,-,0,,,,,,,,0,,,,,,,0,0,48,100,-,-,148,,,,,,,,0,,1,,,,,100,248,41,-,-,-,41,,4,,,,,,400,,2,,,,,200
,,,HF (Hookafina),Watermelon Mint,✕,Normal,,81,-,-,-,-,0,,,,,,,,0,,,,,,,0,0,-,-,-,-,0,,,,,,,,0,,,,,,,0,0,81,-,-,-,81,,,,,,,,0,,,,,,,0,81,-,-,-,-,0,,,,,,,,0,,,,,,,0
,,,MZ (Mazaya),Twist,✕,Sweet,,120,-,-,-,-,0,,,,,,,,0,,,,,,,0,0,120,-,-,-,120,,,,,,,,0,,,,,,,0,120,0,-,-,-,0,,,,,,,,0,,,,,,,0,0,-,-,-,-,0,,,,,,,,0,,,,,,,0
,,,MH (Musthave),Araram,✕,Strong,,154,-,-,-,-,0,,,,,,,,0,,,,,,,0,0,37,-,-,-,37,,,,,,,,0,,,,,,,0,37,17,-,-,-,17,,,,,,,100,100,,,,,,,0,117,-,-,-,-,0,,,,,,,,0,,,,,,,0
,,,MH (Musthave),Black Currant,✕,Strong,,41,-,-,-,-,0,,,,,,,,0,,,,,,,0,0,-,-,-,-,0,,,,,,,,0,,,,,,,0,0,16,-,-,-,16,,,,,,,25,25,,,,,,,0,41,-,-,-,-,0,,,,,,,,0,,,,,,,0
,,,MH (Musthave),Candy Cow,✕,Normal,,50,-,-,-,-,0,,,,,,,,0,,,,,,,0,0,-,-,-,-,0,,,,,,,,0,,,,,,,0,0,0,-,-,-,0,,,,,,,25,25,,,,,,,0,25,25,-,-,-,25,,,,,,,,0,,,,,,,0
,,,MH (Musthave),Caribbean Rum,✕,Sweet,,0,-,-,-,-,0,,,,,,,,0,,,,,,,0,0,-,-,-,-,0,,,,,,,,0,,,,,,,0,0,-,-,-,-,0,,,,,,,,0,,,,,,,0,0,-,-,-,-,0,,,,,,,,0,,,,,,,0
,,,MH (Musthave),Charlotte Pie,✕,Sweet,,115,-,-,-,-,0,,,,,,,,0,,,,,,,0,0,-,-,-,-,0,,,,,,,,0,,,,,,,0,0,19,21,-,-,40,,,,,,,75,75,,,,,,,0,115,-,-,-,-,0,,,,,,,,0,,,,,,,0
,,,MH (Musthave),Cheesecake,✕,Sweet,,6,-,-,-,-,0,,,,,,,,0,,,,,,,0,0,-,-,-,-,0,,,,,,,,0,,,,,,,0,0,6,-,-,-,6,,,,,,,,0,,,,,,,0,6,-,-,-,-,0,,,,,,,,0,,,,,,,0
,,,MH (Musthave),Cherry-Cola,✕,Strong,,47,-,-,-,-,0,,,,,,,,0,,,,,,,0,0,-,-,-,-,0,,,,,,,,0,,,,,,,0,0,17,-,-,-,17,,,,,,,,0,,,,,,,0,17,5,25,-,-,30,,,,,,,,0,,,,,,,0
,,,MH (Musthave),Cinnamon,✕,Sweet,,29,-,-,-,-,0,,,,,,,,0,,,,,,,0,0,-,-,-,-,0,,,,,,,,0,,,,,,,0,0,4,-,-,-,4,,,,,,,25,25,,,,,,,0,29,-,-,-,-,0,,,,,,,,0,,,,,,,0
,,,MH (Musthave),Cookie,✕,Sweet,,37,-,-,-,-,0,,,,,,,,0,,,,,,,0,0,-,-,-,-,0,,,,,,,,0,,,,,,,0,0,12,-,-,-,12,,,,,,,25,25,,,,,,,0,37,-,-,-,-,0,,,,,,,,0,,,,,,,0
,,,MH (Musthave),Cranberry,✕,Strong,,98,-,-,-,-,0,,,,,,,,0,,,,,,,0,0,-,-,-,-,0,,,,,,,,0,,,,,,,0,0,12,22,-,-,34,,,,,,,25,25,,,,,,,0,59,14,25,-,-,39,,,,,,,,0,,,,,,,0
,,,MH (Musthave),Earl Grey,✕,Strong,,52,-,-,-,-,0,,,,,,,,0,,,,,,,0,0,-,-,-,-,0,,,,,,,,0,,,,,,,0,0,11,-,-,-,11,,,,,,,25,25,,,,,,,0,36,16,-,-,-,16,,,,,,,,0,,,,,,,0
,,,MH (Musthave),Estragon,✕,Strong,,18,-,-,-,-,0,,,,,,,,0,,,,,,,0,0,-,-,-,-,0,,,,,,,,0,,,,,,,0,0,18,-,-,-,18,,,,,,,,0,,,,,,,0,18,-,-,-,-,0,,,,,,,,0,,,,,,,0
,,,MH (Musthave),Honey Holls,✕,Sweet,,0,-,-,-,-,0,,,,,,,,0,,,,,,,0,0,-,-,-,-,0,,,,,,,,0,,,,,,,0,0,-,-,-,-,0,,,,,,,,0,,,,,,,0,0,-,-,-,-,0,,,,,,,,0,,,,,,,0
,,,MH (Musthave),Mad Pear,✕,Normal,,0,-,-,-,-,0,,,,,,,,0,,,,,,,0,0,-,-,-,-,0,,,,,,,,0,,,,,,,0,0,-,-,-,-,0,,,,,,,,0,,,,,,,0,0,-,-,-,-,0,,,,,,,,0,,,,,,,0
,,,MH (Musthave),Maple Pecan,✕,Sweet,,0,-,-,-,-,0,,,,,,,,0,,,,,,,0,0,-,-,-,-,0,,,,,,,,0,,,,,,,0,0,0,-,-,-,0,,,,,,,,0,,,,,,,0,0,-,-,-,-,0,,,,,,,,0,,,,,,,0
,,,MH (Musthave),Marula,✕,Normal,,176,-,-,-,-,0,,,,,,,,0,,,,,,,0,0,25,-,-,-,25,,,,,,,,0,,,,,,,0,25,5,21,-,-,26,,,,,,,125,125,,,,,,,0,151,-,-,-,-,0,,,,,,,,0,,,,,,,0
,,,MH (Musthave),Milky Rice,✕,Sweet,,35,-,-,-,-,0,,,,,,,,0,,,,,,,0,0,-,-,-,-,0,,,,,,,,0,,,,,,,0,0,10,-,-,-,10,,,,,,,25,25,,,,,,,0,35,-,-,-,-,0,,,,,,,,0,,,,,,,0
,,,MH (Musthave),Morocco,✕,Mint,,66,-,-,-,-,0,,,,,,,,0,,,,,,,0,0,-,-,-,-,0,,,,,,,,0,,,,,,,0,0,4,-,-,-,4,,,,,,,50,50,,,,,,,0,54,12,-,-,-,12,,,,,,,,0,,,,,,,0
,,,MH (Musthave),Mulled Wine,✕,Strong,,15,-,-,-,-,0,,,,,,,,0,,,,,,,0,0,-,-,-,-,0,,,,,,,,0,,,,,,,0,0,9,-,-,-,9,,,,,,,,0,,,,,,,0,9,6,-,-,-,6,,,,,,,,0,,,,,,,0
,,,MH (Musthave),Nord Star,✕,Strong,,148,-,-,-,-,0,,,,,,,,0,,,,,,,0,0,14,-,-,-,14,,,,,,,,0,,,,,,,0,14,9,-,-,-,9,,,,,,,125,125,,,,,,,0,134,-,-,-,-,0,,,,,,,,0,,,,,,,0
,,,RV (Revoshi),Biscuit,✕,Sweet,,0,-,-,-,-,0,,,,,,,,0,,,,,,,0,0,-,-,-,-,0,,,,,,,,0,,,,,,,0,0,-,-,-,-,0,,,,,,,,0,,,,,,,0,0,-,-,-,-,0,,,,,,,,0,,,,,,,0
,,,RV (Revoshi),Black Grape,✕,Strong,,0,-,-,-,-,0,,,,,,,,0,,,,,,,0,0,-,-,-,-,0,,,,,,,,0,,,,,,,0,0,-,-,-,-,0,,,,,,,,0,,,,,,,0,0,-,-,-,-,0,,,,,,,,0,,,,,,,0
,,,RV (Revoshi),Double Apple Strong,✕,Strong,,0,-,-,-,-,0,,,,,,,,0,,,,,,,0,0,-,-,-,-,0,,,,,,,,0,,,,,,,0,0,-,-,-,-,0,,,,,,,,0,,,,,,,0,0,-,-,-,-,0,,,,,,,,0,,,,,,,0
,,,RV (Revoshi),Eskimo Cola,✕,Strong,,0,-,-,-,-,0,,,,,,,,0,,,,,,,0,0,-,-,-,-,0,,,,,,,,0,,,,,,,0,0,-,-,-,-,0,,,,,,,,0,,,,,,,0,0,-,-,-,-,0,,,,,,,,0,,,,,,,0
,,,RV (Revoshi),Eskimo Lemon,✕,Normal,,0,-,-,-,-,0,,,,,,,,0,,,,,,,0,0,-,-,-,-,0,,,,,,,,0,,,,,,,0,0,-,-,-,-,0,,,,,,,,0,,,,,,,0,0,-,-,-,-,0,,,,,,,,0,,,,,,,0
,,,RV (Revoshi),Grape,✕,Strong,,0,-,-,-,-,0,,,,,,,,0,,,,,,,0,0,-,-,-,-,0,,,,,,,,0,,,,,,,0,0,-,-,-,-,0,,,,,,,,0,,,,,,,0,0,-,-,-,-,0,,,,,,,,0,,,,,,,0
,,,RV (Revoshi),Sweet Pineapple,✕,Normal,,0,-,-,-,-,0,,,,,,,,0,,,,,,,0,0,-,-,-,-,0,,,,,,,,0,,,,,,,0,0,-,-,-,-,0,,,,,,,,0,,,,,,,0,0,0,-,-,-,0,,,,,,,,0,,,,,,,0
,,,SB (Starbuzz/Bold),Blue Mist,✕,Mint,,0,-,-,-,-,0,,,,,,,,0,,,,,,,0,0,-,-,-,-,0,,,,,,,,0,,,,,,,0,0,-,-,-,-,0,,,,,,,,0,,,,,,,0,0,-,-,-,-,0,,,,,,,,0,,,,,,,0
,,,SB (Starbuzz/Bold),Geisha,✕,Mint,,119,-,-,-,-,0,,,,,,,,0,,,,,,,0,0,36,-,-,-,36,,,,,,,,0,,,,,,,0,36,67,-,-,-,67,,,,,,,,0,,,,,,,0,67,16,-,-,-,16,,,,,,,,0,,,,,,,0
,,,SB (Starbuzz/Bold),Lebanese Bomb Shell,◯,Strong,1,"3,824",-,-,-,-,0,,,,,6,,,"1,500",,,,,,,0,"1,500",143,-,-,-,143,,,,,2,,,500,,,,,,,0,643,267,-,-,-,267,,,,,2,,,500,,,,,,,0,767,164,0,-,-,164,,,,,3,,,750,,,,,,,0
,,,SB (Starbuzz/Bold),Pirate'S Cave,✕,Normal,,729,-,-,-,-,0,,,,,,,,0,,,,,,,0,0,229,-,-,-,229,,,,,,,,0,,,,,,,0,229,-,-,-,-,0,,,,,2,,,500,,,,,,,0,500,-,-,-,-,0,,,,,,,,0,,,,,,,0
,,,SB (Starbuzz/Bold),Safari Melon Dew,✕,Normal,,375,-,-,-,-,0,,,,,,,,0,,,,,,,0,0,-,-,-,-,0,,,,,,,,0,,,,,,,0,0,140,-,-,-,140,,,,,,,,0,,,,,,,0,140,235,-,-,-,235,,,,,,,,0,,,,,,,0
,,,SS (Social Smoke),Absolute Zero,✕,Mint,,348,-,-,-,-,0,,,,,,,,0,,,,,,,0,0,-,-,-,-,0,,,,,,,,0,,,,,,,0,0,-,-,-,-,0,,,,,,,,0,,,,,,,0,0,248,-,-,-,248,,1,,,,,,100,,,,,,,0
,,,SS (Social Smoke),Chai Latte,✕,Sweet,,0,-,-,-,-,0,,,,,,,,0,,,,,,,0,0,-,-,-,-,0,,,,,,,,0,,,,,,,0,0,0,-,-,-,0,,,,,,,,0,,,,,,,0,0,-,-,-,-,0,,,,,,,,0,,,,,,,0
,,,SS (Social Smoke),Cinnamon Roll,✕,Sweet,,"1,000",-,-,-,-,0,,,,,,,,0,,,,,,,0,0,-,-,-,-,0,,,,,,,,0,,,,,,,0,0,0,-,-,-,0,,,,,,1,,"1,000",,,,,,,0,"1,000",-,-,-,-,0,,,,,,,,0,,,,,,,0
,,,SS (Social Smoke),Dulce De Leche,✕,Sweet,,0,-,-,-,-,0,,,,,,,,0,,,,,,,0,0,-,-,-,-,0,,,,,,,,0,,,,,,,0,0,0,-,-,-,0,,,,,,,,0,,,,,,,0,0,-,-,-,-,0,,,,,,,,0,,,,,,,0
,,,SS (Social Smoke),Golden Delicious Apple,✕,Normal,,0,-,-,-,-,0,,,,,,,,0,,,,,,,0,0,-,-,-,-,0,,,,,,,,0,,,,,,,0,0,-,-,-,-,0,,,,,,,,0,,,,,,,0,0,-,-,-,-,0,,,,,,,,0,,,,,,,0
,,,SS (Social Smoke),Hong Kong Milk Tea,✕,Sweet,,739,-,-,-,-,0,,,,,,,,0,,,,,,,0,0,106,-,-,-,106,,,,,,,,0,,,,,,,0,106,184,-,-,-,184,,,,,,,349,349,,,,,,,0,533,100,-,-,-,100,,,,,,,,0,,,,,,,0
,,,SS (Social Smoke),Japanese Yuzu,✕,Normal,,0,-,-,-,-,0,,,,,,,,0,,,,,,,0,0,-,-,-,-,0,,,,,,,,0,,,,,,,0,0,0,-,-,-,0,,,,,,,,0,,,,,,,0,0,-,-,-,-,0,,,,,,,,0,,,,,,,0
,,,SS (Social Smoke),Lemon Drop,✕,Normal,,0,-,-,-,-,0,,,,,,,,0,,,,,,,0,0,-,-,-,-,0,,,,,,,,0,,,,,,,0,0,-,-,-,-,0,,,,,,,,0,,,,,,,0,0,-,-,-,-,0,,,,,,,,0,,,,,,,0
,,,SS (Social Smoke),Pear Chill,✕,Normal,,269,-,-,-,-,0,,,,,,,,0,,,,,,,0,0,-,-,-,-,0,,,,,,,,0,,,,,,,0,0,0,-,-,-,0,,,,,,,,0,,,,,,,0,0,269,-,-,-,269,,,,,,,,0,,,,,,,0
,,,TF (Trifecta),Lemon Mint,✕,Normal,,0,-,-,-,-,0,,,,,,,,0,,,,,,,0,0,-,-,-,-,0,,,,,,,,0,,,,,,,0,0,-,-,-,-,0,,,,,,,,0,,,,,,,0,0,-,-,-,-,0,,,,,,,,0,,,,,,,0
,,,TF (Trifecta),Nawar,◯,Strong,1,"4,692",-,-,-,-,0,,,,,9,,,"2,250",,,,,,,0,"2,250",254,-,-,-,254,,,,,2,,,500,,,,,,,0,754,272,-,-,-,272,,,,,3,,,750,,,,,,,0,"1,022",166,-,-,-,166,,,,,2,,,500,,,,,,,0
,,,TF (Trifecta),Peppermint Shake,✕,Sweet,,0,-,-,-,-,0,,,,,,,,0,,,,,,,0,0,-,-,-,-,0,,,,,,,,0,,,,,,,0,0,-,-,-,-,0,,,,,,,,0,,,,,,,0,0,-,-,-,-,0,,,,,,,,0,,,,,,,0
,,,TF (Trifecta),Pineapple Guava,✕,Normal,,0,-,-,-,-,0,,,,,,,,0,,,,,,,0,0,-,-,-,-,0,,,,,,,,0,,,,,,,0,0,0,-,-,-,0,,,,,,,,0,,,,,,,0,0,-,-,-,-,0,,,,,,,,0,,,,,,,0
,,,TF (Trifecta),Tnt,✕,Strong,,176,-,-,-,-,0,,,,,,,,0,,,,,,,0,0,-,-,-,-,0,,,,,,,,0,,,,,,,0,0,0,-,-,-,0,,,,,,,,0,,,,,,,0,0,176,-,-,-,176,,,,,,,,0,,,,,,,0
,,,TF (Trifecta),Twice The Ice X,✕,Mint,,0,-,-,-,-,0,,,,,,,,0,,,,,,,0,0,-,-,-,-,0,,,,,,,,0,,,,,,,0,0,-,-,-,-,0,,,,,,,,0,,,,,,,0,0,-,-,-,-,0,,,,,,,,0,,,,,,,0
,,,TG NOIR (Tangiers Noir),Absinthe,✕,Strong,,186,-,-,-,-,0,,,,,,,,0,,,,,,,0,0,186,-,-,-,186,,,,,,,,0,,,,,,,0,186,-,-,-,-,0,,,,,,,,0,,,,,,,0,0,-,-,-,-,0,,,,,,,,0,,,,,,,0
,,,TG BURLEY (Tangiers Burley),Absinthe (Burley),✕,Strong,,0,-,-,-,-,0,,,,,,,,0,,,,,,,0,0,0,-,-,-,0,,,,,,,,0,,,,,,,0,0,-,-,-,-,0,,,,,,,,0,,,,,,,0,0,-,-,-,-,0,,,,,,,,0,,,,,,,0
,,,TG NOIR (Tangiers Noir),Apricot Spring Blend,✕,Normal,,162,-,-,-,-,0,,,,,,,,0,,,,,,,0,0,162,-,-,-,162,,,,,,,,0,,,,,,,0,162,-,-,-,-,0,,,,,,,,0,,,,,,,0,0,-,-,-,-,0,,,,,,,,0,,,,,,,0
,,,TG NOIR (Tangiers Noir),Atmosphere,✕,Normal,,5,-,-,-,-,0,,,,,,,,0,,,,,,,0,0,5,-,-,-,5,,,,,,,,0,,,,,,,0,5,-,-,-,-,0,,,,,,,,0,,,,,,,0,0,-,-,-,-,0,,,,,,,,0,,,,,,,0
,,,TG NOIR (Tangiers Noir),Banana Foster,✕,Sweet,,"4,133",-,-,-,-,0,,39,,,,,,"3,900",,,,,,,0,"3,900",233,-,-,-,233,,,,,,,,0,,,,,,,0,233,-,-,-,-,0,,,,,,,,0,,,,,,,0,0,-,-,-,-,0,,,,,,,,0,,,,,,,0
,,,TG NOIR (Tangiers Noir),Basil Strawberry,✕,Normal,,0,-,-,-,-,0,,,,,,,,0,,,,,,,0,0,0,-,-,-,0,,,,,,,,0,,,,,,,0,0,-,-,-,-,0,,,,,,,,0,,,,,,,0,0,-,-,-,-,0,,,,,,,,0,,,,,,,0
,,,TG NOIR (Tangiers Noir),Blackberry Lime,✕,Normal,,6,-,-,-,-,0,,,,,,,,0,,,,,,,0,0,6,-,-,-,6,,,,,,,,0,,,,,,,0,6,-,-,-,-,0,,,,,,,,0,,,,,,,0,0,-,-,-,-,0,,,,,,,,0,,,,,,,0
,,,TG NOIR (Tangiers Noir),Blizsturm,✕,Mint,,0,-,-,-,-,0,,,,,,,,0,,,,,,,0,0,-,-,-,-,0,,,,,,,,0,,,,,,,0,0,-,-,-,-,0,,,,,,,,0,,,,,,,0,0,-,-,-,-,0,,,,,,,,0,,,,,,,0
,,,TG NOIR (Tangiers Noir),Blueberry,✕,Normal,,0,-,-,-,-,0,,,,,,,,0,,,,,,,0,0,-,-,-,-,0,,,,,,,,0,,,,,,,0,0,-,-,-,-,0,,,,,,,,0,,,,,,,0,0,-,-,-,-,0,,,,,,,,0,,,,,,,0
,,,TG NOIR (Tangiers Noir),Blueberry Grapefruit,✕,Normal,,0,-,-,-,-,0,,,,,,,,0,,,,,,,0,0,0,-,-,-,0,,,,,,,,0,,,,,,,0,0,-,-,-,-,0,,,,,,,,0,,,,,,,0,0,-,-,-,-,0,,,,,,,,0,,,,,,,0
,,,TG NOIR (Tangiers Noir),Bubble Gum,✕,Normal,,625,-,-,-,-,0,,6,,,,,,600,,,,,,,0,600,25,-,-,-,25,,,,,,,,0,,,,,,,0,25,-,-,-,-,0,,,,,,,,0,,,,,,,0,0,-,-,-,-,0,,,,,,,,0,,,,,,,0
,,,TG NOIR (Tangiers Noir),Cactus Fruit,✕,Normal,,33,-,-,-,-,0,,,,,,,,0,,,,,,,0,0,33,-,-,-,33,,,,,,,,0,,,,,,,0,33,-,-,-,-,0,,,,,,,,0,,,,,,,0,0,-,-,-,-,0,,,,,,,,0,,,,,,,0
,,,TG NOIR (Tangiers Noir),Cane Mint,△,Mint,2,"13,349",-,-,-,-,0,,113,,,,,,"11,300",,,,,,,0,"11,300",150,219,-,-,369,,,,,,,,0,,,,,,,0,369,77,0,-,-,77,,10,,,,,,"1,000",,,,,,,0,"1,077",78,225,-,-,303,,3,,,,,,300,,,,,,,0
,,,TG BURLEY (Tangiers Burley),Cane Mint (Burley),✕,Mint,,"4,605",-,-,-,-,0,,44,,,,,,"4,400",,,,,,,0,"4,400",205,-,-,-,205,,,,,,,,0,,,,,,,0,205,-,-,-,-,0,,,,,,,,0,,,,,,,0,0,-,-,-,-,0,,,,,,,,0,,,,,,,0
,,,TG NOIR (Tangiers Noir),Cane Mint Alpha,✕,Mint,,"9,417",-,-,-,-,0,,38,,,,,,"3,800",,,,,,,0,"3,800",213,0,-,-,213,,16,,,,,,"1,600",,,,,,,0,"1,813",84,-,-,-,84,,18,,,,,,"1,800",,,,,,,0,"1,884",120,-,-,-,120,,18,,,,,,"1,800",,,,,,,0
,,,TG BURLEY (Tangiers Burley),Cane Mint Alpha (Burley),✕,Mint,,0,-,-,-,-,0,,,,,,,,0,,,,,,,0,0,-,-,-,-,0,,,,,,,,0,,,,,,,0,0,-,-,-,-,0,,,,,,,,0,,,,,,,0,0,-,-,-,-,0,,,,,,,,0,,,,,,,0
,,,TG NOIR (Tangiers Noir),Caramel Apple,✕,Sweet,,526,-,-,-,-,0,,4,,,,,,400,,,,,,,0,400,126,-,-,-,126,,,,,,,,0,,,,,,,0,126,-,-,-,-,0,,,,,,,,0,,,,,,,0,0,-,-,-,-,0,,,,,,,,0,,,,,,,0
,,,TG NOIR (Tangiers Noir),Cardamom Cheesecake,✕,Sweet,,134,-,-,-,-,0,,,,,,,,0,,,,,,,0,0,134,-,-,-,134,,,,,,,,0,,,,,,,0,134,-,-,-,-,0,,,,,,,,0,,,,,,,0,0,-,-,-,-,0,,,,,,,,0,,,,,,,0
,,,TG NOIR (Tangiers Noir),Chai,✕,Sweet,,73,-,-,-,-,0,,,,,,,,0,,,,,,,0,0,73,-,-,-,73,,,,,,,,0,,,,,,,0,73,-,-,-,-,0,,,,,,,,0,,,,,,,0,0,-,-,-,-,0,,,,,,,,0,,,,,,,0
,,,TG NOIR (Tangiers Noir),Cherry Lemonade,✕,Strong,,0,-,-,-,-,0,,,,,,,,0,,,,,,,0,0,-,-,-,-,0,,,,,,,,0,,,,,,,0,0,-,-,-,-,0,,,,,,,,0,,,,,,,0,0,-,-,-,-,0,,,,,,,,0,,,,,,,0
,,,TG NOIR (Tangiers Noir),Cherry Limeade,✕,Strong,,"3,586",-,-,-,-,0,,28,,,,,,"2,800",,,,,,,0,"2,800",63,-,-,-,63,,2,,,,,,200,,,,,,,0,263,233,-,-,-,233,,,,,,,,0,,,,,,,0,233,190,-,-,-,190,,1,,,,,,100,,,,,,,0
,,,TG NOIR (Tangiers Noir),Chocolate Iced Cream,△,Sweet,1,357,-,-,-,-,0,,,,,,,,0,,,,,,,0,0,142,-,-,-,142,,2,,,,,,200,,,,,,,0,342,15,-,-,-,15,,,,,,,,0,,,,,,,0,15,-,-,-,-,0,,,,,,,,0,,,,,,,0
,,,TG NOIR (Tangiers Noir),Cinnamon,✕,Sweet,,0,-,-,-,-,0,,,,,,,,0,,,,,,,0,0,0,-,-,-,0,,,,,,,,0,,,,,,,0,0,-,-,-,-,0,,,,,,,,0,,,,,,,0,0,-,-,-,-,0,,,,,,,,0,,,,,,,0
,,,TG NOIR (Tangiers Noir),Clove,✕,Strong,,364,-,-,-,-,0,,1,,,,,,100,,,,,,,0,100,64,-,-,-,64,,2,,,,,,200,,,,,,,0,264,-,-,-,-,0,,,,,,,,0,,,,,,,0,0,-,-,-,-,0,,,,,,,,0,,,,,,,0
,,,TG NOIR (Tangiers Noir),Cocoa,✕,Sweet,,0,-,-,-,-,0,,,,,,,,0,,,,,,,0,0,-,-,-,-,0,,,,,,,,0,,,,,,,0,0,-,-,-,-,0,,,,,,,,0,,,,,,,0,0,-,-,-,-,0,,,,,,,,0,,,,,,,0
,,,TG NOIR (Tangiers Noir),Coconut,✕,Sweet,,635,-,-,-,-,0,,3,,,,,,300,,,,,,,0,300,89,-,-,-,89,,2,,,,,,200,,,,,,,0,289,-,-,-,-,0,,,,,,,,0,,,,,,,0,0,46,-,-,-,46,,,,,,,,0,,,,,,,0
,,,TG NOIR (Tangiers Noir),Cookie Dough,✕,Sweet,,11,-,-,-,-,0,,,,,,,,0,,,,,,,0,0,11,-,-,-,11,,,,,,,,0,,,,,,,0,11,-,-,-,-,0,,,,,,,,0,,,,,,,0,0,-,-,-,-,0,,,,,,,,0,,,,,,,0
,,,TG NOIR (Tangiers Noir),Cool Strawberry,✕,Normal,,0,-,-,-,-,0,,,,,,,,0,,,,,,,0,0,-,-,-,-,0,,,,,,,,0,,,,,,,0,0,-,-,-,-,0,,,,,,,,0,,,,,,,0,0,-,-,-,-,0,,,,,,,,0,,,,,,,0
,,,TG NOIR (Tangiers Noir),Cooling,✕,Normal,,"1,683",-,-,-,-,0,,11,,,,,,"1,100",,,,,,,0,"1,100",180,-,-,-,180,,1,,,,,,100,,,,,,,0,280,133,-,-,-,133,,,,,,,,0,,,,,,,0,133,170,-,-,-,170,,,,,,,,0,,,,,,,0
,,,TG NOIR (Tangiers Noir),Dark Cherry,✕,Strong,,111,-,-,-,-,0,,0,,,,,,0,,,,,,,0,0,111,0,-,-,111,,,,,,,,0,,,,,,,0,111,-,-,-,-,0,,,,,,,,0,,,,,,,0,0,-,-,-,-,0,,,,,,,,0,,,,,,,0
,,,TG NOIR (Tangiers Noir),Double Orange,✕,Normal,,0,-,-,-,-,0,,,,,,,,0,,,,,,,0,0,-,-,-,-,0,,,,,,,,0,,,,,,,0,0,-,-,-,-,0,,,,,,,,0,,,,,,,0,0,-,-,-,-,0,,,,,,,,0,,,,,,,0
,,,TG NOIR (Tangiers Noir),Eric'S Mango,△,Normal,1,"3,745",-,-,-,-,0,,33,,,,,,"3,300",,,,,,,0,"3,300",129,216,-,-,345,,1,,,,,,100,,,,,,,0,445,-,-,-,-,0,,,,,,,,0,,,,,,,0,0,-,-,-,-,0,,,,,,,,0,,,,,,,0
,,,TG NOIR (Tangiers Noir),Experimint,✕,Mint,,0,-,-,-,-,0,,,,,,,,0,,,,,,,0,0,-,-,-,-,0,,,,,,,,0,,,,,,,0,0,-,-,-,-,0,,,,,,,,0,,,,,,,0,0,-,-,-,-,0,,,,,,,,0,,,,,,,0
,,,TG NOIR (Tangiers Noir),Extreme Cane Mint,✕,Mint,,0,-,-,-,-,0,,,,,,,,0,,,,,,,0,0,-,-,-,-,0,,,,,,,,0,,,,,,,0,0,-,-,-,-,0,,,,,,,,0,,,,,,,0,0,-,-,-,-,0,,,,,,,,0,,,,,,,0
,,,TG NOIR (Tangiers Noir),Forbidden Fruit,✕,Normal,,0,-,-,-,-,0,,,,,,,,0,,,,,,,0,0,-,-,-,-,0,,,,,,,,0,,,,,,,0,0,-,-,-,-,0,,,,,,,,0,,,,,,,0,0,-,-,-,-,0,,,,,,,,0,,,,,,,0
,,,TG NOIR (Tangiers Noir),Foreplay On The Peach,△,Normal,1,"2,674",-,-,-,-,0,,21,,,,,,"2,100",,,,,,,0,"2,100",134,-,-,-,134,,1,,,,,,100,,,,,,,0,234,170,-,-,-,170,,,,,,,,0,,,,,,,0,170,70,-,-,-,70,,1,,,,,,100,,,,,,,0
,,,TG BIRQUQ (Tangiers Birquq),Foreplay On The Peach (Birquq),✕,Normal,,46,-,-,-,-,0,,,,,,,,0,,,,,,,0,0,46,-,-,-,46,,,,,,,,0,,,,,,,0,46,0,-,-,-,0,,,,,,,,0,,,,,,,0,0,-,-,-,-,0,,,,,,,,0,,,,,,,0
,,,TG NOIR (Tangiers Noir),Ginger Pear,✕,Normal,,413,-,-,-,-,0,,,,,1,,,250,,,,,,,0,250,163,-,-,-,163,,,,,,,,0,,,,,,,0,163,-,-,-,-,0,,,,,,,,0,,,,,,,0,0,-,-,-,-,0,,,,,,,,0,,,,,,,0
,,,TG NOIR (Tangiers Noir),Grapefruit,✕,Normal,,0,-,-,-,-,0,,,,,,,,0,,,,,,,0,0,-,-,-,-,0,,,,,,,,0,,,,,,,0,0,-,-,-,-,0,,,,,,,,0,,,,,,,0,0,-,-,-,-,0,,,,,,,,0,,,,,,,0
,,,TG NOIR (Tangiers Noir),Green Apple Stuff,✕,Normal,,0,-,-,-,-,0,,,,,,,,0,,,,,,,0,0,-,-,-,-,0,,,,,,,,0,,,,,,,0,0,-,-,-,-,0,,,,,,,,0,,,,,,,0,0,-,-,-,-,0,,,,,,,,0,,,,,,,0
,,,TG NOIR (Tangiers Noir),Green Apple Tea,✕,Normal,,0,-,-,-,-,0,,,,,,,,0,,,,,,,0,0,-,-,-,-,0,,,,,,,,0,,,,,,,0,0,-,-,-,-,0,,,,,,,,0,,,,,,,0,0,-,-,-,-,0,,,,,,,,0,,,,,,,0
,,,TG NOIR (Tangiers Noir),Green Tea,✕,Normal,,31,-,-,-,-,0,,,,,,,,0,,,,,,,0,0,31,-,-,-,31,,,,,,,,0,,,,,,,0,31,-,-,-,-,0,,,,,,,,0,,,,,,,0,0,-,-,-,-,0,,,,,,,,0,,,,,,,0
,,,TG NOIR (Tangiers Noir),Guanabana,✕,Strong,,33,-,-,-,-,0,,,,,,,,0,,,,,,,0,0,33,-,-,-,33,,,,,,,,0,,,,,,,0,33,-,-,-,-,0,,,,,,,,0,,,,,,,0,0,-,-,-,-,0,,,,,,,,0,,,,,,,0
,,,TG NOIR (Tangiers Noir),Hacitraegas,✕,Normal,,0,-,-,-,-,0,,,,,,,,0,,,,,,,0,0,-,-,-,-,0,,,,,,,,0,,,,,,,0,0,-,-,-,-,0,,,,,,,,0,,,,,,,0,0,-,-,-,-,0,,,,,,,,0,,,,,,,0
,,,TG F-LINE (Tangiers F-Line),Kashmir (F-Line),✕,Strong,,0,-,-,-,-,0,,,,,,,,0,,,,,,,0,0,-,-,-,-,0,,,,,,,,0,,,,,,,0,0,0,-,-,-,0,,,,,,,,0,,,,,,,0,0,-,-,-,-,0,,,,,,,,0,,,,,,,0
,,,TG NOIR (Tangiers Noir),Kashmir Apple,✕,Strong,,"1,822",-,-,-,-,0,,16,,,,,,"1,600",,,,,,,0,"1,600",222,-,-,-,222,,,,,,,,0,,,,,,,0,222,0,-,-,-,0,,,,,,,,0,,,,,,,0,0,-,-,-,-,0,,,,,,,,0,,,,,,,0
,,,TG NOIR (Tangiers Noir),Kashmir Lime,✕,Strong,,"4,367",-,-,-,-,0,,40,,,,,,"4,000",,,,,,,0,"4,000",167,-,-,-,167,,2,,,,,,200,,,,,,,0,367,-,-,-,-,0,,,,,,,,0,,,,,,,0,0,-,-,-,-,0,,,,,,,,0,,,,,,,0
,,,TG NOIR (Tangiers Noir),Kashmir Peach,△,Strong,1,387,-,-,-,-,0,,0,,,,,,0,,,,,,,0,0,-,-,-,-,0,,,,,,,,0,,,,,,,0,0,72,-,-,-,72,,1,,,,,,100,,,,,,,0,172,115,-,-,-,115,,1,,,,,,100,,,,,,,0
,,,TG NOIR (Tangiers Noir),Key Lime Pie,✕,Normal,,40,-,-,-,-,0,,,,,,,,0,,,,,,,0,0,40,-,-,-,40,,,,,,,,0,,,,,,,0,40,-,-,-,-,0,,,,,,,,0,,,,,,,0,0,-,-,-,-,0,,,,,,,,0,,,,,,,0
,,,TG NOIR (Tangiers Noir),Kosmik,✕,Strong,,"2,617",-,-,-,-,0,,20,,,,,,"2,000",,,,,,,0,"2,000",217,-,-,-,217,,4,,,,,,400,,,,,,,0,617,-,-,-,-,0,,,,,,,,0,,,,,,,0,0,-,-,-,-,0,,,,,,,,0,,,,,,,0
,,,TG NOIR (Tangiers Noir),Lemon Blossom,✕,Normal,,15,-,-,-,-,0,,,,,,,,0,,,,,,,0,0,15,-,-,-,15,,,,,,,,0,,,,,,,0,15,-,-,-,-,0,,,,,,,,0,,,,,,,0,0,-,-,-,-,0,,,,,,,,0,,,,,,,0
,,,TG NOIR (Tangiers Noir),Lemon Lime,△,Normal,1,63,-,-,-,-,0,,0,,,,,,0,,,,,,,0,0,63,-,-,-,63,,,,,,,,0,,,,,,,0,63,0,-,-,-,0,,,,,,,,0,,,,,,,0,0,0,-,-,-,0,,,,,,,,0,,,,,,,0
,,,TG NOIR (Tangiers Noir),Lemongrass,✕,Normal,,93,-,-,-,-,0,,,,,,,,0,,,,,,,0,0,93,-,-,-,93,,,,,,,,0,,,,,,,0,93,-,-,-,-,0,,,,,,,,0,,,,,,,0,0,-,-,-,-,0,,,,,,,,0,,,,,,,0
,,,TG NOIR (Tangiers Noir),Lemon Tea,✕,Normal,,"2,634",-,-,-,-,0,,24,,,,,,"2,400",,,,,,,0,"2,400",134,-,-,-,134,,1,,,,,,100,,,,,,,0,234,-,-,-,-,0,,,,,,,,0,,,,,,,0,0,-,-,-,-,0,,,,,,,,0,,,,,,,0
,,,TG NOIR (Tangiers Noir),Liquorice,✕,Strong,,0,-,-,-,-,0,,,,,,,,0,,,,,,,0,0,-,-,-,-,0,,,,,,,,0,,,,,,,0,0,-,-,-,-,0,,,,,,,,0,,,,,,,0,0,-,-,-,-,0,,,,,,,,0,,,,,,,0
,,,TG NOIR (Tangiers Noir),Little Purple Stuff,✕,Strong,,0,-,-,-,-,0,,,,,,,,0,,,,,,,0,0,-,-,-,-,0,,,,,,,,0,,,,,,,0,0,-,-,-,-,0,,,,,,,,0,,,,,,,0,0,-,-,-,-,0,,,,,,,,0,,,,,,,0
,,,TG NOIR (Tangiers Noir),Mandarin Orange,✕,Normal,,140,-,-,-,-,0,,,,,,,,0,,,,,,,0,0,140,-,-,-,140,,,,,,,,0,,,,,,,0,140,-,-,-,-,0,,,,,,,,0,,,,,,,0,0,0,-,-,-,0,,,,,,,,0,,,,,,,0
,,,TG NOIR (Tangiers Noir),Maraschino Cherry,✕,Strong,,"2,874",-,-,-,-,0,,27,,,,,,"2,700",,,,,,,0,"2,700",174,-,-,-,174,,,,,,,,0,,,,,,,0,174,-,-,-,-,0,,,,,,,,0,,,,,,,0,0,-,-,-,-,0,,,,,,,,0,,,,,,,0
,,,TG NOIR (Tangiers Noir),Marigold,✕,Strong,,0,-,-,-,-,0,,,,,,,,0,,,,,,,0,0,-,-,-,-,0,,,,,,,,0,,,,,,,0,0,-,-,-,-,0,,,,,,,,0,,,,,,,0,0,-,-,-,-,0,,,,,,,,0,,,,,,,0
,,,TG NOIR (Tangiers Noir),Midnight Orchard Apple,✕,Normal,,0,-,-,-,-,0,,,,,,,,0,,,,,,,0,0,-,-,-,-,0,,,,,,,,0,,,,,,,0,0,-,-,-,-,0,,,,,,,,0,,,,,,,0,0,-,-,-,-,0,,,,,,,,0,,,,,,,0
,,,TG NOIR (Tangiers Noir),Mime,✕,Normal,,"1,768",-,-,-,-,0,,15,,,,,,"1,500",,,,,,,0,"1,500",168,-,-,-,168,,1,,,,,,100,,,,,,,0,268,0,-,-,-,0,,,,,,,,0,,,,,,,0,0,0,-,-,-,0,,,,,,,,0,,,,,,,0
,,,TG NOIR (Tangiers Noir),Mimon,✕,Normal,,"2,308",-,-,-,-,0,,20,,,,,,"2,000",,,,,,,0,"2,000",34,-,-,-,34,,1,,,,,,100,,,,,,,0,134,174,-,-,-,174,,,,,,,,0,,,,,,,0,174,-,-,-,-,0,,,,,,,,0,,,,,,,0
,,,TG NOIR (Tangiers Noir),Nectarine,✕,Normal,,588,-,-,-,-,0,,1,,,,,,100,,,,,,,0,100,260,228,-,-,488,,,,,,,,0,,,,,,,0,488,-,-,-,-,0,,,,,,,,0,,,,,,,0,0,-,-,-,-,0,,,,,,,,0,,,,,,,0
,,,TG NOIR (Tangiers Noir),New Lemon Lime,✕,Normal,,0,-,-,-,-,0,,,,,,,,0,,,,,,,0,0,-,-,-,-,0,,,,,,,,0,,,,,,,0,0,-,-,-,-,0,,,,,,,,0,,,,,,,0,0,0,-,-,-,0,,,,,,,,0,,,,,,,0
,,,TG NOIR (Tangiers Noir),Ololiuqui,✕,Strong,,"4,166",-,-,-,-,0,,27,,,,,,"2,700",,,,,,,0,"2,700",134,-,-,-,134,,2,,,,,,200,,,,,,,0,334,27,-,-,-,27,,8,,,,,,800,,,,,,,0,827,205,-,-,-,205,,1,,,,,,100,,,,,,,0
,,,TG NOIR (Tangiers Noir),Orange Soda,△,Normal,1,"3,448",-,-,-,-,0,,24,,,,,,"2,400",,,,,,,0,"2,400",84,-,-,-,84,,1,,,,,,100,,,,,,,0,184,194,-,-,-,194,,3,,,,,,300,,,,,,,0,494,170,-,-,-,170,,2,,,,,,200,,,,,,,0
,,,TG F-LINE (Tangiers F-Line),Orange Soda (F-Line),✕,Normal,,0,-,-,-,-,0,,,,,,,,0,,,,,,,0,0,-,-,-,-,0,,,,,,,,0,,,,,,,0,0,-,-,-,-,0,,,,,,,,0,,,,,,,0,0,-,-,-,-,0,,,,,,,,0,,,,,,,0
,,,TG NOIR (Tangiers Noir),Panic Punch,✕,Normal,,0,-,-,-,-,0,,,,,,,,0,,,,,,,0,0,-,-,-,-,0,,,,,,,,0,,,,,,,0,0,-,-,-,-,0,,,,,,,,0,,,,,,,0,0,-,-,-,-,0,,,,,,,,0,,,,,,,0
,,,TG BIRQUQ (Tangiers Birquq),Panic Punch (Birquq),✕,Normal,,799,-,-,-,-,0,,5,,,,,,500,,,,,,,0,500,99,-,-,-,99,,2,,,,,,200,,,,,,,0,299,-,-,-,-,0,,,,,,,,0,,,,,,,0,0,-,-,-,-,0,,,,,,,,0,,,,,,,0
,,,TG NOIR (Tangiers Noir),Papa'S Foreplay,✕,Normal,,99,-,-,-,-,0,,,,,,,,0,,,,,,,0,0,99,-,-,-,99,,,,,,,,0,,,,,,,0,99,-,-,-,-,0,,,,,,,,0,,,,,,,0,0,-,-,-,-,0,,,,,,,,0,,,,,,,0
,,,TG NOIR (Tangiers Noir),Papaya Sorbet,✕,Normal,,0,-,-,-,-,0,,,,,,,,0,,,,,,,0,0,-,-,-,-,0,,,,,,,,0,,,,,,,0,0,-,-,-,-,0,,,,,,,,0,,,,,,,0,0,-,-,-,-,0,,,,,,,,0,,,,,,,0
,,,TG NOIR (Tangiers Noir),Passion Lemonade,✕,Normal,,0,-,-,-,-,0,,,,,,,,0,,,,,,,0,0,0,-,-,-,0,,,,,,,,0,,,,,,,0,0,-,-,-,-,0,,,,,,,,0,,,,,,,0,0,-,-,-,-,0,,,,,,,,0,,,,,,,0
,,,TG NOIR (Tangiers Noir),Peach Cobbler,✕,Normal,,336,-,-,-,-,0,,,,,,,,0,,,,,,,0,0,86,-,-,-,86,,,,,1,,,250,,,,,,,0,336,-,-,-,-,0,,,,,,,,0,,,,,,,0,0,-,-,-,-,0,,,,,,,,0,,,,,,,0
,,,TG NOIR (Tangiers Noir),Peach Iced Tea,✕,Normal,,696,-,-,-,-,0,,3,,,,,,300,,,,,,,0,300,100,-,-,-,100,,2,,,,,,200,,,,,,,0,300,0,-,-,-,0,,,,,,,,0,,,,,,,0,0,96,-,-,-,96,,,,,,,,0,,,,,,,0
,,,TG NOIR (Tangiers Noir),Pear,✕,Normal,,0,-,-,-,-,0,,,,,,,,0,,,,,,,0,0,-,-,-,-,0,,,,,,,,0,,,,,,,0,0,-,-,-,-,0,,,,,,,,0,,,,,,,0,0,-,-,-,-,0,,,,,,,,0,,,,,,,0
,,,TG NOIR (Tangiers Noir),Pikina Sun,✕,Normal,,82,-,-,-,-,0,,,,,,,,0,,,,,,,0,0,82,-,-,-,82,,,,,,,,0,,,,,,,0,82,-,-,-,-,0,,,,,,,,0,,,,,,,0,0,-,-,-,-,0,,,,,,,,0,,,,,,,0
,,,TG NOIR (Tangiers Noir),Pineapple,✕,Normal,,0,-,-,-,-,0,,,,,,,,0,,,,,,,0,0,-,-,-,-,0,,,,,,,,0,,,,,,,0,0,-,-,-,-,0,,,,,,,,0,,,,,,,0,0,-,-,-,-,0,,,,,,,,0,,,,,,,0
,,,TG NOIR (Tangiers Noir),Pinepas,✕,Normal,,0,-,-,-,-,0,,,,,,,,0,,,,,,,0,0,-,-,-,-,0,,,,,,,,0,,,,,,,0,0,-,-,-,-,0,,,,,,,,0,,,,,,,0,0,-,-,-,-,0,,,,,,,,0,,,,,,,0
,,,TG NOIR (Tangiers Noir),Pinetops,✕,Normal,,0,-,-,-,-,0,,,,,,,,0,,,,,,,0,0,-,-,-,-,0,,,,,,,,0,,,,,,,0,0,-,-,-,-,0,,,,,,,,0,,,,,,,0,0,-,-,-,-,0,,,,,,,,0,,,,,,,0
,,,TG NOIR (Tangiers Noir),Pink Grapefruit,✕,Normal,,"3,466",-,-,-,-,0,,27,,,,,,"2,700",,,,,,,0,"2,700",125,-,-,-,125,,,,,,,,0,,,,,,,0,125,171,-,-,-,171,,1,,,,,,100,,,,,,,0,271,170,-,-,-,170,,2,,,,,,200,,,,,,,0
,,,TG NOIR (Tangiers Noir),Pomegranate,✕,Normal,,0,-,-,-,-,0,,,,,,,,0,,,,,,,0,0,-,-,-,-,0,,,,,,,,0,,,,,,,0,0,-,-,-,-,0,,,,,,,,0,,,,,,,0,0,-,-,-,-,0,,,,,,,,0,,,,,,,0
,,,TG BURLEY (Tangiers Burley),Prince Of Grey (Burley),✕,Strong,,0,-,-,-,-,0,,,,,,,,0,,,,,,,0,0,-,-,-,-,0,,,,,,,,0,,,,,,,0,0,-,-,-,-,0,,,,,,,,0,,,,,,,0,0,-,-,-,-,0,,,,,,,,0,,,,,,,0
,,,TG NOIR (Tangiers Noir),Pumpkin,✕,Strong,,"1,479",-,-,-,-,0,,12,,,,,,"1,200",,,,,,,0,"1,200",179,-,-,-,179,,1,,,,,,100,,,,,,,0,279,-,-,-,-,0,,,,,,,,0,,,,,,,0,0,-,-,-,-,0,,,,,,,,0,,,,,,,0
,,,TG NOIR (Tangiers Noir),Rangoon Sunrise,✕,Normal,,32,-,-,-,-,0,,,,,,,,0,,,,,,,0,0,32,-,-,-,32,,,,,,,,0,,,,,,,0,32,-,-,-,-,0,,,,,,,,0,,,,,,,0,0,-,-,-,-,0,,,,,,,,0,,,,,,,0
,,,TG NOIR (Tangiers Noir),Rasfruit,✕,Normal,,0,-,-,-,-,0,,,,,,,,0,,,,,,,0,0,-,-,-,-,0,,,,,,,,0,,,,,,,0,0,-,-,-,-,0,,,,,,,,0,,,,,,,0,0,-,-,-,-,0,,,,,,,,0,,,,,,,0
,,,TG NOIR (Tangiers Noir),Raspberry Iced Tea,✕,Strong,,"1,460",-,-,-,-,0,,8,,,,,,800,,,,,,,0,800,115,-,-,-,115,,,,,,,,0,,,,,,,0,115,249,-,-,-,249,,,,,,,,0,,,,,,,0,249,196,-,-,-,196,,1,,,,,,100,,,,,,,0
,,,TG NOIR (Tangiers Noir),Regal Flower,✕,Strong,,0,-,-,-,-,0,,,,,,,,0,,,,,,,0,0,-,-,-,-,0,,,,,,,,0,,,,,,,0,0,-,-,-,-,0,,,,,,,,0,,,,,,,0,0,-,-,-,-,0,,,,,,,,0,,,,,,,0
,,,TG NOIR (Tangiers Noir),Sage Mint,✕,Normal,,0,-,-,-,-,0,,,,,,,,0,,,,,,,0,0,-,-,-,-,0,,,,,,,,0,,,,,,,0,0,-,-,-,-,0,,,,,,,,0,,,,,,,0,0,-,-,-,-,0,,,,,,,,0,,,,,,,0
,,,TG NOIR (Tangiers Noir),Sevilla Orange,✕,Normal,,0,-,-,-,-,0,,,,,,,,0,,,,,,,0,0,-,-,-,-,0,,,,,,,,0,,,,,,,0,0,-,-,-,-,0,,,,,,,,0,,,,,,,0,0,-,-,-,-,0,,,,,,,,0,,,,,,,0
,,,TG NOIR (Tangiers Noir),Sour,✕,Normal,,0,-,-,-,-,0,,,,,,,,0,,,,,,,0,0,-,-,-,-,0,,,,,,,,0,,,,,,,0,0,-,-,-,-,0,,,,,,,,0,,,,,,,0,0,-,-,-,-,0,,,,,,,,0,,,,,,,0
,,,TG NOIR (Tangiers Noir),Static Starlight,✕,Strong,,0,-,-,-,-,0,,,,,,,,0,,,,,,,0,0,-,-,-,-,0,,,,,,,,0,,,,,,,0,0,-,-,-,-,0,,,,,,,,0,,,,,,,0,0,-,-,-,-,0,,,,,,,,0,,,,,,,0
,,,TG NOIR (Tangiers Noir),Strawberry,✕,Normal,,"1,279",-,-,-,-,0,,10,,,,,,"1,000",,,,,,,0,"1,000",144,-,-,-,144,,1,,,,,,100,,,,,,,0,244,-,-,-,-,0,,,,,,,,0,,,,,,,0,0,35,-,-,-,35,,,,,,,,0,,,,,,,0
,,,TG NOIR (Tangiers Noir),Strawberry Kiwi,✕,Normal,,0,-,-,-,-,0,,,,,,,,0,,,,,,,0,0,-,-,-,-,0,,,,,,,,0,,,,,,,0,0,-,-,-,-,0,,,,,,,,0,,,,,,,0,0,-,-,-,-,0,,,,,,,,0,,,,,,,0
,,,TG NOIR (Tangiers Noir),Surfer'S Delight,✕,Normal,,0,-,-,-,-,0,,,,,,,,0,,,,,,,0,0,0,-,-,-,0,,,,,,,,0,,,,,,,0,0,-,-,-,-,0,,,,,,,,0,,,,,,,0,0,-,-,-,-,0,,,,,,,,0,,,,,,,0
,,,TG NOIR (Tangiers Noir),Tasty Peach,✕,Normal,,0,-,-,-,-,0,,,,,,,,0,,,,,,,0,0,-,-,-,-,0,,,,,,,,0,,,,,,,0,0,-,-,-,-,0,,,,,,,,0,,,,,,,0,0,-,-,-,-,0,,,,,,,,0,,,,,,,0
,,,TG NOIR (Tangiers Noir),The Last Pie,✕,Sweet,,172,-,-,-,-,0,,,,,,,,0,,,,,,,0,0,172,-,-,-,172,,,,,,,,0,,,,,,,0,172,-,-,-,-,0,,,,,,,,0,,,,,,,0,0,-,-,-,-,0,,,,,,,,0,,,,,,,0
,,,TG NOIR (Tangiers Noir),Tropical Revenge,✕,Normal,,0,-,-,-,-,0,,,,,,,,0,,,,,,,0,0,-,-,-,-,0,,,,,,,,0,,,,,,,0,0,-,-,-,-,0,,,,,,,,0,,,,,,,0,0,-,-,-,-,0,,,,,,,,0,,,,,,,0
,,,TG NOIR (Tangiers Noir),Tuscan Cantaloupe,✕,Normal,,0,-,-,-,-,0,,,,,,,,0,,,,,,,0,0,-,-,-,-,0,,,,,,,,0,,,,,,,0,0,-,-,-,-,0,,,,,,,,0,,,,,,,0,0,-,-,-,-,0,,,,,,,,0,,,,,,,0
,,,TG NOIR (Tangiers Noir),Vanilla,✕,Sweet,,"2,550",-,-,-,-,0,,23,,,,,,"2,300",,,,,,,0,"2,300",150,-,-,-,150,,1,,,,,,100,,,,,,,0,250,-,-,-,-,0,,,,,,,,0,,,,,,,0,0,-,-,-,-,0,,,,,,,,0,,,,,,,0
,,,TG NOIR (Tangiers Noir),Watermelon,✕,Strong,,0,-,-,-,-,0,,,,,,,,0,,,,,,,0,0,-,-,-,-,0,,,,,,,,0,,,,,,,0,0,-,-,-,-,0,,,,,,,,0,,,,,,,0,0,-,-,-,-,0,,,,,,,,0,,,,,,,0
,,,TG NOIR (Tangiers Noir),Welsh Cream,✕,Sweet,,337,-,-,-,-,0,,,,,,,,0,,,,,,,0,0,237,-,-,-,237,,1,,,,,,100,,,,,,,0,337,0,-,-,-,0,,,,,,,,0,,,,,,,0,0,-,-,-,-,0,,,,,,,,0,,,,,,,0
,,,TG NOIR (Tangiers Noir),White Grape,✕,Strong,,0,-,-,-,-,0,,,,,,,,0,,,,,,,0,0,-,-,-,-,0,,,,,,,,0,,,,,,,0,0,-,-,-,-,0,,,,,,,,0,,,,,,,0,0,-,-,-,-,0,,,,,,,,0,,,,,,,0
,,,TG NOIR (Tangiers Noir),Yunnan Shaddock,✕,Normal,,493,-,-,-,-,0,,3,,,,,,300,,,,,,,0,300,118,-,-,-,118,,,,,,,,0,,,,,,,0,118,75,-,-,-,75,,,,,,,,0,,,,,,,0,75,-,-,-,-,0,,,,,,,,0,,,,,,,0
,,,VV (Vang Vieng Mix),Double Apple (AF+RV),✕,Strong,,0,-,-,-,-,0,,,,,,,,0,,,,,,,0,0,-,-,-,-,0,,,,,,,,0,,,,,,,0,0,-,-,-,-,0,,,,,,,,0,,,,,,,0,0,-,-,-,-,0,,,,,,,,0,,,,,,,0
